SRC,DST,SRC_State,DST_State,SRConBorder
1001,1001,AL,AL,0
1001,1101,AL,AL,0
1003,1003,AL,AL,0
1003,1053,AL,AL,0
1003,1097,AL,AL,0
1003,1129,AL,AL,0
1003,12033,AL,FL,1
1005,1005,AL,AL,0
1005,1045,AL,AL,0
1005,1067,AL,AL,0
1005,1109,AL,AL,0
1015,1015,AL,AL,0
1015,1121,AL,AL,0
1017,1017,AL,AL,0
1023,1023,AL,AL,0
1023,1119,AL,AL,0
1023,1129,AL,AL,0
1023,28023,AL,MS,1
1023,28075,AL,MS,1
1027,1027,AL,AL,0
1027,1037,AL,AL,0
1027,1121,AL,AL,0
1031,1031,AL,AL,0
1031,1045,AL,AL,0
1031,1109,AL,AL,0
1037,1037,AL,AL,0
1037,1117,AL,AL,0
1037,1121,AL,AL,0
1043,1043,AL,AL,0
1043,1103,AL,AL,0
1043,1127,AL,AL,0
1045,1045,AL,AL,0
1045,1067,AL,AL,0
1045,1069,AL,AL,0
1045,1109,AL,AL,0
1049,1049,AL,AL,0
1049,1071,AL,AL,0
1049,13055,AL,GA,1
1053,1053,AL,AL,0
1053,12033,AL,FL,1
1053,12113,AL,FL,1
1057,1057,AL,AL,0
1057,1075,AL,AL,0
1057,1127,AL,AL,0
1059,1059,AL,AL,0
1059,28057,AL,MS,1
1059,28141,AL,MS,1
1067,1067,AL,AL,0
1067,1069,AL,AL,0
1067,13099,AL,GA,1
1069,1069,AL,AL,0
1069,12063,AL,FL,1
1069,13099,AL,GA,1
1069,13253,AL,GA,1
1071,1071,AL,AL,0
1071,1089,AL,AL,0
1071,47115,AL,TN,1
1073,1073,AL,AL,0
1073,1117,AL,AL,0
1073,1127,AL,AL,0
1075,1075,AL,AL,0
1075,28095,AL,MS,1
1089,1089,AL,AL,0
1089,1103,AL,AL,0
1097,1097,AL,AL,0
1097,1129,AL,AL,0
1097,28041,AL,MS,1
1097,28059,AL,MS,1
1101,1101,AL,AL,0
1101,1109,AL,AL,0
1103,1103,AL,AL,0
1109,1109,AL,AL,0
1117,1117,AL,AL,0
1117,1121,AL,AL,0
1119,1119,AL,AL,0
1119,28075,AL,MS,1
1121,1121,AL,AL,0
1127,1127,AL,AL,0
1129,1129,AL,AL,0
1129,28041,AL,MS,1
1131,1131,AL,AL,0
4001,4001,AZ,AZ,0
4001,4011,AZ,AZ,0
4001,8083,AZ,CO,1
4001,35003,AZ,NM,1
4005,4005,AZ,AZ,0
4005,4007,AZ,AZ,0
4005,49025,AZ,UT,1
4007,4007,AZ,AZ,0
4011,4011,AZ,AZ,0
4011,35003,AZ,NM,1
4011,35023,AZ,NM,1
5001,5001,AR,AR,0
5001,5041,AR,AR,0
5001,5095,AR,AR,0
5005,5005,AR,AR,0
5005,5065,AR,AR,0
5005,5089,AR,AR,0
5005,5129,AR,AR,0
5005,29153,AR,MO,1
5009,5009,AR,AR,0
5009,5089,AR,AR,0
5009,5129,AR,AR,0
5009,29213,AR,MO,1
5013,5013,AR,AR,0
5013,5025,AR,AR,0
5013,5039,AR,AR,0
5013,5103,AR,AR,0
5019,5019,AR,AR,0
5019,5039,AR,AR,0
5019,5059,AR,AR,0
5019,5103,AR,AR,0
5019,5109,AR,AR,0
5023,5023,AR,AR,0
5023,5141,AR,AR,0
5023,5145,AR,AR,0
5025,5025,AR,AR,0
5025,5039,AR,AR,0
5025,5043,AR,AR,0
5031,5031,AR,AR,0
5031,5067,AR,AR,0
5033,5033,AR,AR,0
5033,5047,AR,AR,0
5033,5087,AR,AR,0
5033,5143,AR,AR,0
5033,40001,AR,OK,1
5039,5039,AR,AR,0
5039,5059,AR,AR,0
5039,5103,AR,AR,0
5041,5041,AR,AR,0
5041,5043,AR,AR,0
5041,28011,AR,MS,1
5043,5043,AR,AR,0
5047,5047,AR,AR,0
5047,5083,AR,AR,0
5047,5087,AR,AR,0
5051,5051,AR,AR,0
5051,5059,AR,AR,0
5051,5125,AR,AR,0
5057,5057,AR,AR,0
5057,5061,AR,AR,0
5057,5073,AR,AR,0
5057,5081,AR,AR,0
5057,5109,AR,AR,0
5059,5059,AR,AR,0
5059,5125,AR,AR,0
5061,5061,AR,AR,0
5061,5081,AR,AR,0
5061,5109,AR,AR,0
5061,5113,AR,AR,0
5065,5065,AR,AR,0
5065,5135,AR,AR,0
5067,5067,AR,AR,0
5067,5145,AR,AR,0
5067,5147,AR,AR,0
5073,5073,AR,AR,0
5077,5077,AR,AR,0
5077,5095,AR,AR,0
5077,28143,AR,MS,1
5081,5081,AR,AR,0
5081,40089,AR,OK,1
5081,48037,AR,TX,1
5083,5083,AR,AR,0
5083,5115,AR,AR,0
5083,5127,AR,AR,0
5087,5087,AR,AR,0
5087,5143,AR,AR,0
5089,5089,AR,AR,0
5089,5129,AR,AR,0
5089,29153,AR,MO,1
5089,29213,AR,MO,1
5095,5095,AR,AR,0
5095,5147,AR,AR,0
5103,5103,AR,AR,0
5109,5109,AR,AR,0
5109,5113,AR,AR,0
5113,5113,AR,AR,0
5113,5127,AR,AR,0
5113,40079,AR,OK,1
5113,40089,AR,OK,1
5115,5115,AR,AR,0
5115,5129,AR,AR,0
5115,5141,AR,AR,0
5121,5121,AR,AR,0
5121,5135,AR,AR,0
5121,29149,AR,MO,1
5125,5125,AR,AR,0
5127,5127,AR,AR,0
5127,40079,AR,OK,1
5129,5129,AR,AR,0
5129,5141,AR,AR,0
5135,5135,AR,AR,0
5135,29149,AR,MO,1
5141,5141,AR,AR,0
5143,5143,AR,AR,0
5143,40001,AR,OK,1
5145,5145,AR,AR,0
5145,5147,AR,AR,0
5147,5147,AR,AR,0
6007,6007,CA,CA,0
6007,6011,CA,CA,0
6007,6021,CA,CA,0
6007,6063,CA,CA,0
6009,6009,CA,CA,0
6009,6077,CA,CA,0
6009,6099,CA,CA,0
6009,6109,CA,CA,0
6011,6011,CA,CA,0
6011,6021,CA,CA,0
6011,6033,CA,CA,0
6011,6113,CA,CA,0
6013,6013,CA,CA,0
6013,6077,CA,CA,0
6013,6095,CA,CA,0
6015,6015,CA,CA,0
6015,6023,CA,CA,0
6021,6021,CA,CA,0
6021,6033,CA,CA,0
6023,6023,CA,CA,0
6025,6025,CA,CA,0
6027,6027,CA,CA,0
6027,6051,CA,CA,0
6027,6071,CA,CA,0
6027,32009,CA,NV,1
6031,6031,CA,CA,0
6031,6053,CA,CA,0
6031,6079,CA,CA,0
6033,6033,CA,CA,0
6033,6113,CA,CA,0
6035,6035,CA,CA,0
6035,6049,CA,CA,0
6035,6063,CA,CA,0
6035,32031,CA,NV,1
6037,6037,CA,CA,0
6037,6059,CA,CA,0
6037,6071,CA,CA,0
6049,6049,CA,CA,0
6049,32031,CA,NV,1
6049,41035,CA,OR,1
6051,6051,CA,CA,0
6051,6109,CA,CA,0
6051,32009,CA,NV,1
6051,32019,CA,NV,1
6051,32021,CA,NV,1
6053,6053,CA,CA,0
6053,6069,CA,CA,0
6053,6079,CA,CA,0
6059,6059,CA,CA,0
6059,6071,CA,CA,0
6061,6061,CA,CA,0
6061,32031,CA,NV,1
6063,6063,CA,CA,0
6069,6069,CA,CA,0
6071,6071,CA,CA,0
6077,6077,CA,CA,0
6077,6099,CA,CA,0
6079,6079,CA,CA,0
6079,6083,CA,CA,0
6083,6083,CA,CA,0
6095,6095,CA,CA,0
6095,6113,CA,CA,0
6099,6099,CA,CA,0
6099,6109,CA,CA,0
6109,6109,CA,CA,0
6113,6113,CA,CA,0
8003,8003,CO,CO,0
8003,8023,CO,CO,0
8003,8105,CO,CO,0
8003,8109,CO,CO,0
8007,8007,CO,CO,0
8007,8053,CO,CO,0
8007,8067,CO,CO,0
8007,8079,CO,CO,0
8007,8105,CO,CO,0
8007,35039,CO,NM,1
8009,8009,CO,CO,0
8009,8071,CO,CO,0
8009,20187,CO,KS,1
8014,8014,CO,CO,0
8014,8123,CO,CO,0
8017,8017,CO,CO,0
8017,8061,CO,CO,0
8017,20071,CO,KS,1
8017,20199,CO,KS,1
8019,8019,CO,CO,0
8019,8047,CO,CO,0
8019,8117,CO,CO,0
8023,8023,CO,CO,0
8023,8071,CO,CO,0
8023,35007,CO,NM,1
8023,35055,CO,NM,1
8031,8031,CO,CO,0
8033,8033,CO,CO,0
8033,8067,CO,CO,0
8033,8083,CO,CO,0
8033,8111,CO,CO,0
8033,8113,CO,CO,0
8039,8039,CO,CO,0
8043,8043,CO,CO,0
8043,8109,CO,CO,0
8047,8047,CO,CO,0
8051,8051,CO,CO,0
8051,8053,CO,CO,0
8051,8085,CO,CO,0
8051,8109,CO,CO,0
8053,8053,CO,CO,0
8053,8067,CO,CO,0
8053,8079,CO,CO,0
8053,8109,CO,CO,0
8053,8111,CO,CO,0
8057,8057,CO,CO,0
8057,56001,CO,WY,1
8061,8061,CO,CO,0
8061,8089,CO,CO,0
8061,20071,CO,KS,1
8067,8067,CO,CO,0
8067,8083,CO,CO,0
8067,8111,CO,CO,0
8071,8071,CO,CO,0
8071,8089,CO,CO,0
8071,35007,CO,NM,1
8075,8075,CO,CO,0
8075,8095,CO,CO,0
8075,8123,CO,CO,0
8075,8125,CO,CO,0
8079,8079,CO,CO,0
8079,8105,CO,CO,0
8079,8109,CO,CO,0
8081,8081,CO,CO,0
8081,8103,CO,CO,0
8081,49009,CO,UT,1
8081,49047,CO,UT,1
8081,56037,CO,WY,1
8083,8083,CO,CO,0
8083,8111,CO,CO,0
8085,8085,CO,CO,0
8085,8113,CO,CO,0
8089,8089,CO,CO,0
8095,8095,CO,CO,0
8095,8125,CO,CO,0
8095,31029,CO,NE,1
8103,8103,CO,CO,0
8103,49047,CO,UT,1
8105,8105,CO,CO,0
8105,8109,CO,CO,0
8109,8109,CO,CO,0
8111,8111,CO,CO,0
8111,8113,CO,CO,0
8113,8113,CO,CO,0
8117,8117,CO,CO,0
8123,8123,CO,CO,0
8123,56021,CO,WY,1
8125,8125,CO,CO,0
8125,31029,CO,NE,1
9001,9001,CT,CT,0
9001,9005,CT,CT,0
9001,9009,CT,CT,0
9001,36103,CT,NY,1
9003,9003,CT,CT,0
9003,9005,CT,CT,0
9003,9009,CT,CT,0
9003,9011,CT,CT,0
9003,9013,CT,CT,0
9005,9005,CT,CT,0
9005,9009,CT,CT,0
9009,9009,CT,CT,0
9009,36103,CT,NY,1
9011,9011,CT,CT,0
9011,9013,CT,CT,0
9011,36103,CT,NY,1
9013,9013,CT,CT,0
10003,10003,DE,DE,0
10003,24029,DE,MD,1
10003,34033,DE,NJ,1
10003,42029,DE,PA,1
10003,42045,DE,PA,1
10005,10005,DE,DE,0
10005,24011,DE,MD,1
10005,24019,DE,MD,1
11001,11001,DC,DC,0
11001,24033,DC,MD,1
11001,51013,DC,VA,1
11001,51510,DC,VA,1
12001,12001,FL,FL,0
12001,12007,FL,FL,0
12001,12041,FL,FL,0
12001,12075,FL,FL,0
12001,12083,FL,FL,0
12001,12107,FL,FL,0
12003,12003,FL,FL,0
12003,12007,FL,FL,0
12003,12031,FL,FL,0
12003,12089,FL,FL,0
12003,13049,FL,GA,1
12003,13065,FL,GA,1
12003,13299,FL,GA,1
12005,12005,FL,FL,0
12005,12063,FL,FL,0
12005,12131,FL,FL,0
12005,12133,FL,FL,0
12007,12007,FL,FL,0
12007,12107,FL,FL,0
12009,12009,FL,FL,0
12009,12117,FL,FL,0
12009,12127,FL,FL,0
12011,12011,FL,FL,0
12011,12021,FL,FL,0
12017,12017,FL,FL,0
12017,12075,FL,FL,0
12017,12083,FL,FL,0
12017,12119,FL,FL,0
12021,12021,FL,FL,0
12029,12029,FL,FL,0
12029,12041,FL,FL,0
12029,12075,FL,FL,0
12029,12123,FL,FL,0
12031,12031,FL,FL,0
12031,12089,FL,FL,0
12033,12033,FL,FL,0
12033,12113,FL,FL,0
12035,12035,FL,FL,0
12035,12107,FL,FL,0
12035,12127,FL,FL,0
12041,12041,FL,FL,0
12041,12075,FL,FL,0
12041,12121,FL,FL,0
12043,12043,FL,FL,0
12043,12055,FL,FL,0
12055,12055,FL,FL,0
12057,12057,FL,FL,0
12057,12101,FL,FL,0
12059,12059,FL,FL,0
12059,12063,FL,FL,0
12059,12131,FL,FL,0
12059,12133,FL,FL,0
12063,12063,FL,FL,0
12063,12133,FL,FL,0
12063,13253,FL,GA,1
12069,12069,FL,FL,0
12069,12083,FL,FL,0
12069,12117,FL,FL,0
12069,12119,FL,FL,0
12069,12127,FL,FL,0
12075,12075,FL,FL,0
12075,12083,FL,FL,0
12079,12079,FL,FL,0
12079,12121,FL,FL,0
12079,12123,FL,FL,0
12079,13185,FL,GA,1
12083,12083,FL,FL,0
12083,12107,FL,FL,0
12083,12119,FL,FL,0
12083,12127,FL,FL,0
12089,12089,FL,FL,0
12089,13049,FL,GA,1
12101,12101,FL,FL,0
12101,12119,FL,FL,0
12107,12107,FL,FL,0
12107,12127,FL,FL,0
12111,12111,FL,FL,0
12113,12113,FL,FL,0
12115,12115,FL,FL,0
12117,12117,FL,FL,0
12117,12127,FL,FL,0
12119,12119,FL,FL,0
12121,12121,FL,FL,0
12123,12123,FL,FL,0
12127,12127,FL,FL,0
12131,12131,FL,FL,0
12131,12133,FL,FL,0
12133,12133,FL,FL,0
13005,13005,GA,GA,0
13005,13161,GA,GA,0
13005,13299,GA,GA,0
13007,13007,GA,GA,0
13007,13087,GA,GA,0
13007,13099,GA,GA,0
13007,13201,GA,GA,0
13019,13019,GA,GA,0
13019,13155,GA,GA,0
13019,13173,GA,GA,0
13019,13185,GA,GA,0
13019,13277,GA,GA,0
13025,13025,GA,GA,0
13025,13049,GA,GA,0
13025,13299,GA,GA,0
13025,13305,GA,GA,0
13031,13031,GA,GA,0
13031,13103,GA,GA,0
13031,13107,GA,GA,0
13031,13251,GA,GA,0
13033,13033,GA,GA,0
13033,13107,GA,GA,0
13033,13251,GA,GA,0
13033,45005,GA,SC,1
13033,45011,GA,SC,1
13045,13045,GA,GA,0
13045,13097,GA,GA,0
13045,13121,GA,GA,0
13049,13049,GA,GA,0
13049,13299,GA,GA,0
13051,13051,GA,GA,0
13051,13103,GA,GA,0
13053,13053,GA,GA,0
13053,13263,GA,GA,0
13055,13055,GA,GA,0
13055,13115,GA,GA,0
13057,13057,GA,GA,0
13057,13067,GA,GA,0
13057,13121,GA,GA,0
13059,13059,GA,GA,0
13059,13157,GA,GA,0
13059,13195,GA,GA,0
13059,13221,GA,GA,0
13065,13065,GA,GA,0
13065,13101,GA,GA,0
13065,13173,GA,GA,0
13065,13299,GA,GA,0
13067,13067,GA,GA,0
13067,13097,GA,GA,0
13067,13121,GA,GA,0
13073,13073,GA,GA,0
13079,13079,GA,GA,0
13079,13193,GA,GA,0
13079,13225,GA,GA,0
13087,13087,GA,GA,0
13087,13201,GA,GA,0
13087,13253,GA,GA,0
13089,13089,GA,GA,0
13089,13121,GA,GA,0
13089,13135,GA,GA,0
13089,13151,GA,GA,0
13089,13247,GA,GA,0
13093,13093,GA,GA,0
13093,13193,GA,GA,0
13093,13315,GA,GA,0
13097,13097,GA,GA,0
13097,13121,GA,GA,0
13099,13099,GA,GA,0
13099,13201,GA,GA,0
13099,13253,GA,GA,0
13101,13101,GA,GA,0
13101,13173,GA,GA,0
13101,13185,GA,GA,0
13103,13103,GA,GA,0
13103,13251,GA,GA,0
13105,13105,GA,GA,0
13105,13195,GA,GA,0
13105,13221,GA,GA,0
13105,13317,GA,GA,0
13105,45001,GA,SC,1
13107,13107,GA,GA,0
13107,13167,GA,GA,0
13107,13175,GA,GA,0
13111,13111,GA,GA,0
13111,13291,GA,GA,0
13111,47139,GA,TN,1
13113,13113,GA,GA,0
13113,13121,GA,GA,0
13115,13115,GA,GA,0
13115,13233,GA,GA,0
13121,13121,GA,GA,0
13121,13135,GA,GA,0
13133,13133,GA,GA,0
13133,13141,GA,GA,0
13133,13221,GA,GA,0
13135,13135,GA,GA,0
13135,13157,GA,GA,0
13135,13247,GA,GA,0
13135,13297,GA,GA,0
13137,13137,GA,GA,0
13137,13281,GA,GA,0
13137,45073,GA,SC,1
13141,13141,GA,GA,0
13141,13301,GA,GA,0
13141,13303,GA,GA,0
13151,13151,GA,GA,0
13151,13247,GA,GA,0
13155,13155,GA,GA,0
13155,13277,GA,GA,0
13155,13287,GA,GA,0
13157,13157,GA,GA,0
13157,13195,GA,GA,0
13161,13161,GA,GA,0
13161,13271,GA,GA,0
13161,13309,GA,GA,0
13167,13167,GA,GA,0
13167,13175,GA,GA,0
13167,13303,GA,GA,0
13173,13173,GA,GA,0
13173,13185,GA,GA,0
13175,13175,GA,GA,0
13175,13309,GA,GA,0
13185,13185,GA,GA,0
13193,13193,GA,GA,0
13193,13225,GA,GA,0
13195,13195,GA,GA,0
13195,13221,GA,GA,0
13201,13201,GA,GA,0
13201,13253,GA,GA,0
13221,13221,GA,GA,0
13221,13317,GA,GA,0
13225,13225,GA,GA,0
13233,13233,GA,GA,0
13243,13243,GA,GA,0
13243,13273,GA,GA,0
13243,13307,GA,GA,0
13247,13247,GA,GA,0
13247,13297,GA,GA,0
13251,13251,GA,GA,0
13251,45005,GA,SC,1
13253,13253,GA,GA,0
13263,13263,GA,GA,0
13271,13271,GA,GA,0
13271,13309,GA,GA,0
13271,13315,GA,GA,0
13273,13273,GA,GA,0
13273,13307,GA,GA,0
13275,13275,GA,GA,0
13277,13277,GA,GA,0
13277,13287,GA,GA,0
13281,13281,GA,GA,0
13281,13291,GA,GA,0
13281,37043,GA,NC,1
13287,13287,GA,GA,0
13287,13315,GA,GA,0
13291,13291,GA,GA,0
13291,37043,GA,NC,1
13297,13297,GA,GA,0
13299,13299,GA,GA,0
13301,13301,GA,GA,0
13301,13317,GA,GA,0
13303,13303,GA,GA,0
13305,13305,GA,GA,0
13307,13307,GA,GA,0
13309,13309,GA,GA,0
13315,13315,GA,GA,0
13317,13317,GA,GA,0
15001,15001,HI,HI,0
15003,15003,HI,HI,0
15007,15007,HI,HI,0
16001,16001,ID,ID,0
16001,16015,ID,ID,0
16001,16045,ID,ID,0
16001,16073,ID,ID,0
16003,16003,ID,ID,0
16003,16045,ID,ID,0
16005,16005,ID,ID,0
16005,16029,ID,ID,0
16005,16041,ID,ID,0
16007,16007,ID,ID,0
16007,16029,ID,ID,0
16007,16041,ID,ID,0
16007,49033,ID,UT,1
16013,16013,ID,ID,0
16013,16023,ID,ID,0
16013,16025,ID,ID,0
16013,16063,ID,ID,0
16013,16067,ID,ID,0
16015,16015,ID,ID,0
16015,16045,ID,ID,0
16017,16017,ID,ID,0
16017,16055,ID,ID,0
16017,30053,ID,MT,1
16017,30089,ID,MT,1
16017,53051,ID,WA,1
16023,16023,ID,ID,0
16023,16033,ID,ID,0
16023,16059,ID,ID,0
16025,16025,ID,ID,0
16025,16047,ID,ID,0
16025,16063,ID,ID,0
16029,16029,ID,ID,0
16029,16041,ID,ID,0
16033,16033,ID,ID,0
16033,16043,ID,ID,0
16033,16059,ID,ID,0
16033,30001,ID,MT,1
16041,16041,ID,ID,0
16041,49033,ID,UT,1
16043,16043,ID,ID,0
16043,16065,ID,ID,0
16043,30001,ID,MT,1
16043,30031,ID,MT,1
16045,16045,ID,ID,0
16045,16075,ID,ID,0
16047,16047,ID,ID,0
16047,16063,ID,ID,0
16055,16055,ID,ID,0
16059,16059,ID,ID,0
16059,30001,ID,MT,1
16059,30081,ID,MT,1
16061,16061,ID,ID,0
16061,16069,ID,ID,0
16063,16063,ID,ID,0
16063,16067,ID,ID,0
16065,16065,ID,ID,0
16067,16067,ID,ID,0
16069,16069,ID,ID,0
16073,16073,ID,ID,0
16073,32007,ID,NV,1
16073,41045,ID,OR,1
16075,16075,ID,ID,0
16075,41045,ID,OR,1
17005,17005,IL,IL,0
17005,17051,IL,IL,0
17005,17135,IL,IL,0
17009,17009,IL,IL,0
17009,17017,IL,IL,0
17009,17149,IL,IL,0
17009,17169,IL,IL,0
17015,17015,IL,IL,0
17015,17085,IL,IL,0
17015,17177,IL,IL,0
17015,17195,IL,IL,0
17017,17017,IL,IL,0
17017,17169,IL,IL,0
17023,17023,IL,IL,0
17023,17029,IL,IL,0
17023,17033,IL,IL,0
17023,17035,IL,IL,0
17023,17045,IL,IL,0
17023,17079,IL,IL,0
17023,18167,IL,IN,1
17029,17029,IL,IL,0
17029,17035,IL,IL,0
17029,17045,IL,IL,0
17029,17139,IL,IL,0
17029,17173,IL,IL,0
17031,17031,IL,IL,0
17031,17043,IL,IL,0
17031,17089,IL,IL,0
17031,17111,IL,IL,0
17031,17197,IL,IL,0
17031,18089,IL,IN,1
17031,26021,IL,MI,1
17033,17033,IL,IL,0
17033,17079,IL,IL,0
17033,17101,IL,IL,0
17033,17159,IL,IL,0
17033,18083,IL,IN,1
17035,17035,IL,IL,0
17035,17049,IL,IL,0
17035,17079,IL,IL,0
17035,17173,IL,IL,0
17037,17037,IL,IL,0
17037,17089,IL,IL,0
17037,17111,IL,IL,0
17037,17201,IL,IL,0
17043,17043,IL,IL,0
17043,17089,IL,IL,0
17043,17197,IL,IL,0
17045,17045,IL,IL,0
17045,18167,IL,IN,1
17047,17047,IL,IL,0
17047,17159,IL,IL,0
17047,17185,IL,IL,0
17049,17049,IL,IL,0
17049,17051,IL,IL,0
17049,17079,IL,IL,0
17049,17173,IL,IL,0
17051,17051,IL,IL,0
17051,17121,IL,IL,0
17051,17135,IL,IL,0
17051,17173,IL,IL,0
17055,17055,IL,IL,0
17055,17081,IL,IL,0
17055,17145,IL,IL,0
17055,17165,IL,IL,0
17057,17057,IL,IL,0
17057,17109,IL,IL,0
17057,17169,IL,IL,0
17061,17061,IL,IL,0
17061,17083,IL,IL,0
17061,17149,IL,IL,0
17061,17171,IL,IL,0
17063,17063,IL,IL,0
17063,17105,IL,IL,0
17063,17197,IL,IL,0
17067,17067,IL,IL,0
17067,17109,IL,IL,0
17067,17169,IL,IL,0
17067,19111,IL,IA,1
17067,29111,IL,MO,1
17075,17075,IL,IL,0
17079,17079,IL,IL,0
17079,17159,IL,IL,0
17081,17081,IL,IL,0
17081,17121,IL,IL,0
17081,17145,IL,IL,0
17081,17189,IL,IL,0
17083,17083,IL,IL,0
17085,17085,IL,IL,0
17085,17177,IL,IL,0
17085,55043,IL,WI,1
17085,55065,IL,WI,1
17087,17087,IL,IL,0
17087,17127,IL,IL,0
17087,17151,IL,IL,0
17087,17165,IL,IL,0
17087,17181,IL,IL,0
17089,17089,IL,IL,0
17089,17111,IL,IL,0
17101,17101,IL,IL,0
17101,17159,IL,IL,0
17101,17185,IL,IL,0
17101,18083,IL,IN,1
17105,17105,IL,IL,0
17109,17109,IL,IL,0
17109,17169,IL,IL,0
17111,17111,IL,IL,0
17111,55127,IL,WI,1
17121,17121,IL,IL,0
17121,17189,IL,IL,0
17123,17123,IL,IL,0
17123,17175,IL,IL,0
17127,17127,IL,IL,0
17127,17151,IL,IL,0
17127,21139,IL,KY,1
17127,21145,IL,KY,1
17131,17131,IL,IL,0
17131,19115,IL,IA,1
17133,17133,IL,IL,0
17133,17163,IL,IL,0
17133,29099,IL,MO,1
17133,29186,IL,MO,1
17135,17135,IL,IL,0
17135,17173,IL,IL,0
17139,17139,IL,IL,0
17139,17173,IL,IL,0
17145,17145,IL,IL,0
17145,17189,IL,IL,0
17149,17149,IL,IL,0
17149,17171,IL,IL,0
17149,29163,IL,MO,1
17149,29173,IL,MO,1
17151,17151,IL,IL,0
17151,17165,IL,IL,0
17151,21139,IL,KY,1
17159,17159,IL,IL,0
17159,17185,IL,IL,0
17163,17163,IL,IL,0
17163,17189,IL,IL,0
17163,29510,IL,MO,1
17165,17165,IL,IL,0
17169,17169,IL,IL,0
17171,17171,IL,IL,0
17173,17173,IL,IL,0
17175,17175,IL,IL,0
17177,17177,IL,IL,0
17177,17201,IL,IL,0
17177,55045,IL,WI,1
17177,55065,IL,WI,1
17181,17181,IL,IL,0
17181,29031,IL,MO,1
17181,29157,IL,MO,1
17185,17185,IL,IL,0
17185,18083,IL,IN,1
17189,17189,IL,IL,0
17195,17195,IL,IL,0
17197,17197,IL,IL,0
17197,18089,IL,IN,1
17201,17201,IL,IL,0
17201,55045,IL,WI,1
18001,18001,IN,IN,0
18001,18179,IN,IN,0
18011,18011,IN,IN,0
18011,18097,IN,IN,0
18011,18107,IN,IN,0
18015,18015,IN,IN,0
18015,18067,IN,IN,0
18015,18181,IN,IN,0
18019,18019,IN,IN,0
18019,18077,IN,IN,0
18019,18143,IN,IN,0
18019,18175,IN,IN,0
18019,21185,IN,KY,1
18025,18025,IN,IN,0
18025,18037,IN,IN,0
18025,18061,IN,IN,0
18025,18117,IN,IN,0
18025,18175,IN,IN,0
18025,21163,IN,KY,1
18027,18027,IN,IN,0
18027,18037,IN,IN,0
18027,18083,IN,IN,0
18027,18101,IN,IN,0
18027,18125,IN,IN,0
18031,18031,IN,IN,0
18031,18047,IN,IN,0
18031,18137,IN,IN,0
18031,18139,IN,IN,0
18033,18033,IN,IN,0
18033,18151,IN,IN,0
18033,39171,IN,OH,1
18035,18035,IN,IN,0
18035,18053,IN,IN,0
18037,18037,IN,IN,0
18037,18101,IN,IN,0
18037,18117,IN,IN,0
18037,18125,IN,IN,0
18037,18147,IN,IN,0
18037,18173,IN,IN,0
18047,18047,IN,IN,0
18047,18137,IN,IN,0
18047,18139,IN,IN,0
18047,18161,IN,IN,0
18053,18053,IN,IN,0
18053,18067,IN,IN,0
18053,18069,IN,IN,0
18053,18103,IN,IN,0
18053,18169,IN,IN,0
18053,18179,IN,IN,0
18059,18059,IN,IN,0
18059,18097,IN,IN,0
18059,18139,IN,IN,0
18061,18061,IN,IN,0
18061,18175,IN,IN,0
18061,21163,IN,KY,1
18067,18067,IN,IN,0
18067,18103,IN,IN,0
18069,18069,IN,IN,0
18069,18169,IN,IN,0
18069,18179,IN,IN,0
18077,18077,IN,IN,0
18077,18137,IN,IN,0
18077,18143,IN,IN,0
18083,18083,IN,IN,0
18083,18125,IN,IN,0
18085,18085,IN,IN,0
18085,18099,IN,IN,0
18085,18169,IN,IN,0
18089,18089,IN,IN,0
18093,18093,IN,IN,0
18093,18101,IN,IN,0
18093,18117,IN,IN,0
18093,18175,IN,IN,0
18097,18097,IN,IN,0
18099,18099,IN,IN,0
18099,18131,IN,IN,0
18099,18141,IN,IN,0
18099,18149,IN,IN,0
18101,18101,IN,IN,0
18101,18117,IN,IN,0
18103,18103,IN,IN,0
18103,18169,IN,IN,0
18107,18107,IN,IN,0
18117,18117,IN,IN,0
18117,18175,IN,IN,0
18125,18125,IN,IN,0
18125,18173,IN,IN,0
18129,18129,IN,IN,0
18129,21101,IN,KY,1
18131,18131,IN,IN,0
18131,18149,IN,IN,0
18131,18181,IN,IN,0
18137,18137,IN,IN,0
18139,18139,IN,IN,0
18141,18141,IN,IN,0
18141,18149,IN,IN,0
18141,26021,IN,MI,1
18141,26027,IN,MI,1
18143,18143,IN,IN,0
18143,18175,IN,IN,0
18147,18147,IN,IN,0
18147,18173,IN,IN,0
18147,21059,IN,KY,1
18147,21091,IN,KY,1
18149,18149,IN,IN,0
18151,18151,IN,IN,0
18151,26023,IN,MI,1
18151,39171,IN,OH,1
18161,18161,IN,IN,0
18161,18177,IN,IN,0
18161,39135,IN,OH,1
18167,18167,IN,IN,0
18169,18169,IN,IN,0
18171,18171,IN,IN,0
18173,18173,IN,IN,0
18173,21059,IN,KY,1
18173,21101,IN,KY,1
18175,18175,IN,IN,0
18177,18177,IN,IN,0
18177,39037,IN,OH,1
18177,39135,IN,OH,1
18179,18179,IN,IN,0
18181,18181,IN,IN,0
19001,19001,IA,IA,0
19001,19003,IA,IA,0
19001,19029,IA,IA,0
19001,19049,IA,IA,0
19001,19077,IA,IA,0
19001,19121,IA,IA,0
19001,19175,IA,IA,0
19003,19003,IA,IA,0
19003,19029,IA,IA,0
19003,19137,IA,IA,0
19003,19159,IA,IA,0
19003,19173,IA,IA,0
19003,19175,IA,IA,0
19005,19005,IA,IA,0
19005,19043,IA,IA,0
19005,19065,IA,IA,0
19005,19191,IA,IA,0
19005,27055,IA,MN,1
19011,19011,IA,IA,0
19011,19013,IA,IA,0
19011,19171,IA,IA,0
19013,19013,IA,IA,0
19013,19017,IA,IA,0
19013,19023,IA,IA,0
19013,19065,IA,IA,0
19013,19171,IA,IA,0
19015,19015,IA,IA,0
19015,19049,IA,IA,0
19015,19073,IA,IA,0
19015,19153,IA,IA,0
19017,19017,IA,IA,0
19017,19023,IA,IA,0
19017,19065,IA,IA,0
19017,19067,IA,IA,0
19021,19021,IA,IA,0
19021,19041,IA,IA,0
19021,19151,IA,IA,0
19021,19161,IA,IA,0
19023,19023,IA,IA,0
19023,19033,IA,IA,0
19023,19067,IA,IA,0
19023,19083,IA,IA,0
19029,19029,IA,IA,0
19029,19077,IA,IA,0
19029,19137,IA,IA,0
19033,19033,IA,IA,0
19033,19067,IA,IA,0
19033,19081,IA,IA,0
19033,19131,IA,IA,0
19033,19197,IA,IA,0
19041,19041,IA,IA,0
19041,19059,IA,IA,0
19041,19063,IA,IA,0
19041,19151,IA,IA,0
19043,19043,IA,IA,0
19043,19065,IA,IA,0
19043,19191,IA,IA,0
19043,55043,IA,WI,1
19049,19049,IA,IA,0
19049,19073,IA,IA,0
19049,19077,IA,IA,0
19049,19121,IA,IA,0
19049,19153,IA,IA,0
19059,19059,IA,IA,0
19059,19063,IA,IA,0
19063,19063,IA,IA,0
19065,19065,IA,IA,0
19065,19191,IA,IA,0
19067,19067,IA,IA,0
19067,19089,IA,IA,0
19067,19131,IA,IA,0
19071,19071,IA,IA,0
19071,19129,IA,IA,0
19071,19137,IA,IA,0
19071,29005,IA,MO,1
19071,31025,IA,NE,1
19071,31131,IA,NE,1
19073,19073,IA,IA,0
19073,19077,IA,IA,0
19077,19077,IA,IA,0
19077,19121,IA,IA,0
19081,19081,IA,IA,0
19081,19197,IA,IA,0
19083,19083,IA,IA,0
19083,19197,IA,IA,0
19087,19087,IA,IA,0
19087,19101,IA,IA,0
19087,19111,IA,IA,0
19087,19115,IA,IA,0
19087,19183,IA,IA,0
19089,19089,IA,IA,0
19089,19131,IA,IA,0
19089,19191,IA,IA,0
19089,27099,IA,MN,1
19099,19099,IA,IA,0
19099,19123,IA,IA,0
19099,19125,IA,IA,0
19099,19153,IA,IA,0
19099,19171,IA,IA,0
19101,19101,IA,IA,0
19101,19107,IA,IA,0
19101,19183,IA,IA,0
19105,19105,IA,IA,0
19107,19107,IA,IA,0
19107,19123,IA,IA,0
19107,19183,IA,IA,0
19111,19111,IA,IA,0
19115,19115,IA,IA,0
19115,19139,IA,IA,0
19115,19183,IA,IA,0
19117,19117,IA,IA,0
19117,19125,IA,IA,0
19117,19135,IA,IA,0
19117,19185,IA,IA,0
19121,19121,IA,IA,0
19121,19153,IA,IA,0
19121,19175,IA,IA,0
19123,19123,IA,IA,0
19123,19125,IA,IA,0
19123,19135,IA,IA,0
19125,19125,IA,IA,0
19125,19135,IA,IA,0
19125,19153,IA,IA,0
19129,19129,IA,IA,0
19129,19137,IA,IA,0
19129,31025,IA,NE,1
19129,31153,IA,NE,1
19131,19131,IA,IA,0
19131,27099,IA,MN,1
19135,19135,IA,IA,0
19135,19185,IA,IA,0
19137,19137,IA,IA,0
19137,19173,IA,IA,0
19139,19139,IA,IA,0
19139,19163,IA,IA,0
19151,19151,IA,IA,0
19151,19161,IA,IA,0
19153,19153,IA,IA,0
19159,19159,IA,IA,0
19159,19173,IA,IA,0
19159,19175,IA,IA,0
19161,19161,IA,IA,0
19163,19163,IA,IA,0
19171,19171,IA,IA,0
19173,19173,IA,IA,0
19173,19175,IA,IA,0
19173,29147,IA,MO,1
19175,19175,IA,IA,0
19183,19183,IA,IA,0
19185,19185,IA,IA,0
19191,19191,IA,IA,0
19191,27055,IA,MN,1
19197,19197,IA,IA,0
20007,20007,KS,KS,0
20007,20033,KS,KS,0
20007,20077,KS,KS,0
20007,20095,KS,KS,0
20007,20097,KS,KS,0
20007,40151,KS,OK,1
20009,20009,KS,KS,0
20009,20053,KS,KS,0
20009,20145,KS,KS,0
20009,20159,KS,KS,0
20009,20165,KS,KS,0
20009,20185,KS,KS,0
20019,20019,KS,KS,0
20019,20035,KS,KS,0
20019,20049,KS,KS,0
20019,20125,KS,KS,0
20019,40147,KS,OK,1
20025,20025,KS,KS,0
20025,20033,KS,KS,0
20025,20057,KS,KS,0
20025,20097,KS,KS,0
20025,20119,KS,KS,0
20025,40007,KS,OK,1
20029,20029,KS,KS,0
20029,20201,KS,KS,0
20033,20033,KS,KS,0
20033,20097,KS,KS,0
20033,40151,KS,OK,1
20035,20035,KS,KS,0
20035,20049,KS,KS,0
20035,20173,KS,KS,0
20035,20191,KS,KS,0
20035,40071,KS,OK,1
20039,20039,KS,KS,0
20039,20179,KS,KS,0
20039,20193,KS,KS,0
20039,31065,KS,NE,1
20041,20041,KS,KS,0
20041,20061,KS,KS,0
20041,20113,KS,KS,0
20041,20115,KS,KS,0
20041,20127,KS,KS,0
20043,20043,KS,KS,0
20043,29003,KS,MO,1
20043,31147,KS,NE,1
20045,20045,KS,KS,0
20045,20087,KS,KS,0
20045,20091,KS,KS,0
20045,20103,KS,KS,0
20045,20121,KS,KS,0
20045,20177,KS,KS,0
20049,20049,KS,KS,0
20049,20125,KS,KS,0
20051,20051,KS,KS,0
20051,20141,KS,KS,0
20051,20163,KS,KS,0
20051,20165,KS,KS,0
20053,20053,KS,KS,0
20053,20105,KS,KS,0
20053,20113,KS,KS,0
20053,20159,KS,KS,0
20057,20057,KS,KS,0
20057,20083,KS,KS,0
20057,20097,KS,KS,0
20057,20119,KS,KS,0
20061,20061,KS,KS,0
20061,20127,KS,KS,0
20061,20197,KS,KS,0
20067,20067,KS,KS,0
20067,20081,KS,KS,0
20067,20093,KS,KS,0
20067,20187,KS,KS,0
20067,20189,KS,KS,0
20071,20071,KS,KS,0
20071,20199,KS,KS,0
20077,20077,KS,KS,0
20077,20095,KS,KS,0
20077,20191,KS,KS,0
20079,20079,KS,KS,0
20079,20113,KS,KS,0
20079,20115,KS,KS,0
20079,20155,KS,KS,0
20079,20173,KS,KS,0
20081,20081,KS,KS,0
20081,20093,KS,KS,0
20081,20119,KS,KS,0
20081,20189,KS,KS,0
20083,20083,KS,KS,0
20083,20145,KS,KS,0
20085,20085,KS,KS,0
20085,20087,KS,KS,0
20085,20149,KS,KS,0
20085,20177,KS,KS,0
20087,20087,KS,KS,0
20087,20103,KS,KS,0
20087,20177,KS,KS,0
20091,20091,KS,KS,0
20091,20103,KS,KS,0
20091,20121,KS,KS,0
20093,20093,KS,KS,0
20093,20187,KS,KS,0
20095,20095,KS,KS,0
20095,20155,KS,KS,0
20095,20173,KS,KS,0
20095,20191,KS,KS,0
20097,20097,KS,KS,0
20103,20103,KS,KS,0
20103,29165,KS,MO,1
20105,20105,KS,KS,0
20105,20141,KS,KS,0
20107,20107,KS,KS,0
20107,20121,KS,KS,0
20107,29217,KS,MO,1
20109,20109,KS,KS,0
20109,20181,KS,KS,0
20109,20193,KS,KS,0
20109,20199,KS,KS,0
20111,20111,KS,KS,0
20111,20127,KS,KS,0
20111,20197,KS,KS,0
20113,20113,KS,KS,0
20113,20115,KS,KS,0
20113,20155,KS,KS,0
20113,20159,KS,KS,0
20115,20115,KS,KS,0
20115,20127,KS,KS,0
20119,20119,KS,KS,0
20119,40007,KS,OK,1
20121,20121,KS,KS,0
20125,20125,KS,KS,0
20125,20133,KS,KS,0
20125,40147,KS,OK,1
20127,20127,KS,KS,0
20127,20197,KS,KS,0
20133,20133,KS,KS,0
20141,20141,KS,KS,0
20141,20163,KS,KS,0
20141,20183,KS,KS,0
20145,20145,KS,KS,0
20145,20165,KS,KS,0
20145,20185,KS,KS,0
20147,20147,KS,KS,0
20147,20163,KS,KS,0
20147,20183,KS,KS,0
20147,31061,KS,NE,1
20149,20149,KS,KS,0
20149,20177,KS,KS,0
20149,20197,KS,KS,0
20155,20155,KS,KS,0
20155,20159,KS,KS,0
20155,20173,KS,KS,0
20155,20185,KS,KS,0
20159,20159,KS,KS,0
20159,20185,KS,KS,0
20163,20163,KS,KS,0
20163,20183,KS,KS,0
20165,20165,KS,KS,0
20173,20173,KS,KS,0
20173,20191,KS,KS,0
20177,20177,KS,KS,0
20177,20197,KS,KS,0
20179,20179,KS,KS,0
20179,20193,KS,KS,0
20181,20181,KS,KS,0
20181,20193,KS,KS,0
20181,20199,KS,KS,0
20183,20183,KS,KS,0
20183,31061,KS,NE,1
20183,31181,KS,NE,1
20185,20185,KS,KS,0
20187,20187,KS,KS,0
20187,20189,KS,KS,0
20189,20189,KS,KS,0
20191,20191,KS,KS,0
20191,40071,KS,OK,1
20193,20193,KS,KS,0
20197,20197,KS,KS,0
20199,20199,KS,KS,0
20201,20201,KS,KS,0
20201,31067,KS,NE,1
20201,31095,KS,NE,1
21005,21005,KY,KY,0
21005,21073,KY,KY,0
21005,21179,KY,KY,0
21005,21215,KY,KY,0
21005,21239,KY,KY,0
21007,21007,KY,KY,0
21007,21145,KY,KY,0
21009,21009,KY,KY,0
21009,21169,KY,KY,0
21011,21011,KY,KY,0
21011,21017,KY,KY,0
21011,21069,KY,KY,0
21011,21181,KY,KY,0
21015,21015,KY,KY,0
21017,21017,KY,KY,0
21017,21181,KY,KY,0
21017,21209,KY,KY,0
21019,21019,KY,KY,0
21019,39087,KY,OH,1
21023,21023,KY,KY,0
21023,21161,KY,KY,0
21023,21201,KY,KY,0
21023,39015,KY,OH,1
21029,21029,KY,KY,0
21029,21179,KY,KY,0
21029,21215,KY,KY,0
21033,21033,KY,KY,0
21033,21055,KY,KY,0
21033,21143,KY,KY,0
21033,21233,KY,KY,0
21045,21045,KY,KY,0
21045,21155,KY,KY,0
21045,21217,KY,KY,0
21053,21053,KY,KY,0
21053,21231,KY,KY,0
21053,47027,KY,TN,1
21053,47137,KY,TN,1
21055,21055,KY,KY,0
21055,21139,KY,KY,0
21055,21143,KY,KY,0
21055,21233,KY,KY,0
21059,21059,KY,KY,0
21059,21091,KY,KY,0
21059,21101,KY,KY,0
21059,21149,KY,KY,0
21069,21069,KY,KY,0
21069,21161,KY,KY,0
21069,21181,KY,KY,0
21069,21201,KY,KY,0
21073,21073,KY,KY,0
21073,21103,KY,KY,0
21073,21187,KY,KY,0
21073,21209,KY,KY,0
21073,21239,KY,KY,0
21079,21079,KY,KY,0
21079,21113,KY,KY,0
21079,21151,KY,KY,0
21083,21083,KY,KY,0
21083,21145,KY,KY,0
21083,21157,KY,KY,0
21083,47079,KY,TN,1
21083,47183,KY,TN,1
21087,21087,KY,KY,0
21087,21169,KY,KY,0
21087,21217,KY,KY,0
21091,21091,KY,KY,0
21101,21101,KY,KY,0
21101,21149,KY,KY,0
21101,21233,KY,KY,0
21103,21103,KY,KY,0
21103,21185,KY,KY,0
21103,21187,KY,KY,0
21113,21113,KY,KY,0
21113,21151,KY,KY,0
21113,21239,KY,KY,0
21115,21115,KY,KY,0
21119,21119,KY,KY,0
21119,21133,KY,KY,0
21119,21193,KY,KY,0
21119,21195,KY,KY,0
21125,21125,KY,KY,0
21125,21147,KY,KY,0
21129,21129,KY,KY,0
21129,21237,KY,KY,0
21133,21133,KY,KY,0
21133,21193,KY,KY,0
21133,21195,KY,KY,0
21133,51195,KY,VA,1
21139,21139,KY,KY,0
21139,21143,KY,KY,0
21139,21145,KY,KY,0
21139,21157,KY,KY,0
21143,21143,KY,KY,0
21143,21157,KY,KY,0
21145,21145,KY,KY,0
21145,21157,KY,KY,0
21147,21147,KY,KY,0
21147,21231,KY,KY,0
21147,47013,KY,TN,1
21147,47151,KY,TN,1
21149,21149,KY,KY,0
21149,21233,KY,KY,0
21151,21151,KY,KY,0
21155,21155,KY,KY,0
21155,21179,KY,KY,0
21155,21217,KY,KY,0
21157,21157,KY,KY,0
21161,21161,KY,KY,0
21161,21201,KY,KY,0
21161,39015,KY,OH,1
21163,21163,KY,KY,0
21169,21169,KY,KY,0
21179,21179,KY,KY,0
21179,21215,KY,KY,0
21181,21181,KY,KY,0
21181,21201,KY,KY,0
21185,21185,KY,KY,0
21187,21187,KY,KY,0
21187,21209,KY,KY,0
21193,21193,KY,KY,0
21195,21195,KY,KY,0
21195,51027,KY,VA,1
21195,51195,KY,VA,1
21201,21201,KY,KY,0
21209,21209,KY,KY,0
21209,21239,KY,KY,0
21215,21215,KY,KY,0
21217,21217,KY,KY,0
21231,21231,KY,KY,0
21231,47137,KY,TN,1
21231,47151,KY,TN,1
21233,21233,KY,KY,0
21237,21237,KY,KY,0
21239,21239,KY,KY,0
22003,22003,LA,LA,0
22003,22011,LA,LA,0
22003,22039,LA,LA,0
22003,22053,LA,LA,0
22003,22115,LA,LA,0
22009,22009,LA,LA,0
22009,22029,LA,LA,0
22009,22039,LA,LA,0
22009,22077,LA,LA,0
22009,22125,LA,LA,0
22011,22011,LA,LA,0
22011,22019,LA,LA,0
22011,22053,LA,LA,0
22011,22115,LA,LA,0
22011,48351,LA,TX,1
22019,22019,LA,LA,0
22019,22053,LA,LA,0
22019,48351,LA,TX,1
22021,22021,LA,LA,0
22021,22041,LA,LA,0
22021,22049,LA,LA,0
22021,22073,LA,LA,0
22021,22083,LA,LA,0
22021,22127,LA,LA,0
22029,22029,LA,LA,0
22029,22077,LA,LA,0
22029,22107,LA,LA,0
22029,22125,LA,LA,0
22029,28157,LA,MS,1
22031,22031,LA,LA,0
22031,22069,LA,LA,0
22031,22081,LA,LA,0
22031,48365,LA,TX,1
22033,22033,LA,LA,0
22039,22039,LA,LA,0
22039,22053,LA,LA,0
22041,22041,LA,LA,0
22041,22083,LA,LA,0
22041,22107,LA,LA,0
22049,22049,LA,LA,0
22049,22061,LA,LA,0
22049,22073,LA,LA,0
22049,22127,LA,LA,0
22051,22051,LA,LA,0
22051,22089,LA,LA,0
22051,22095,LA,LA,0
22051,22105,LA,LA,0
22053,22053,LA,LA,0
22053,22113,LA,LA,0
22061,22061,LA,LA,0
22061,22073,LA,LA,0
22061,22111,LA,LA,0
22069,22069,LA,LA,0
22069,22081,LA,LA,0
22069,22115,LA,LA,0
22069,22127,LA,LA,0
22073,22073,LA,LA,0
22073,22083,LA,LA,0
22073,22111,LA,LA,0
22077,22077,LA,LA,0
22077,22099,LA,LA,0
22077,22125,LA,LA,0
22081,22081,LA,LA,0
22083,22083,LA,LA,0
22083,22123,LA,LA,0
22087,22087,LA,LA,0
22087,28045,LA,MS,1
22089,22089,LA,LA,0
22089,22095,LA,LA,0
22089,22105,LA,LA,0
22095,22095,LA,LA,0
22095,22105,LA,LA,0
22099,22099,LA,LA,0
22105,22105,LA,LA,0
22105,22117,LA,LA,0
22107,22107,LA,LA,0
22107,28063,LA,MS,1
22109,22109,LA,LA,0
22111,22111,LA,LA,0
22113,22113,LA,LA,0
22115,22115,LA,LA,0
22115,48351,LA,TX,1
22117,22117,LA,LA,0
22117,28109,LA,MS,1
22117,28147,LA,MS,1
22123,22123,LA,LA,0
22125,22125,LA,LA,0
22125,28157,LA,MS,1
22127,22127,LA,LA,0
23005,23005,ME,ME,0
23005,23023,ME,ME,0
23019,23019,ME,ME,0
23019,23021,ME,ME,0
23019,23025,ME,ME,0
23019,23027,ME,ME,0
23019,23029,ME,ME,0
23021,23021,ME,ME,0
23021,23025,ME,ME,0
23023,23023,ME,ME,0
23025,23025,ME,ME,0
23025,23027,ME,ME,0
23027,23027,ME,ME,0
23029,23029,ME,ME,0
24003,24003,MD,MD,0
24003,24005,MD,MD,0
24003,24027,MD,MD,0
24003,24029,MD,MD,0
24003,24033,MD,MD,0
24003,24510,MD,MD,0
24005,24005,MD,MD,0
24005,24013,MD,MD,0
24005,24025,MD,MD,0
24005,24027,MD,MD,0
24005,24029,MD,MD,0
24005,24510,MD,MD,0
24011,24011,MD,MD,0
24011,24019,MD,MD,0
24013,24013,MD,MD,0
24013,24021,MD,MD,0
24013,24027,MD,MD,0
24013,42001,MD,PA,1
24017,24017,MD,MD,0
24017,24033,MD,MD,0
24017,24037,MD,MD,0
24017,51099,MD,VA,1
24017,51193,MD,VA,1
24019,24019,MD,MD,0
24019,24037,MD,MD,0
24021,24021,MD,MD,0
24021,24027,MD,MD,0
24021,42001,MD,PA,1
24021,42055,MD,PA,1
24021,51107,MD,VA,1
24023,24023,MD,MD,0
24023,54077,MD,WV,1
24025,24025,MD,MD,0
24025,24029,MD,MD,0
24027,24027,MD,MD,0
24027,24033,MD,MD,0
24029,24029,MD,MD,0
24033,24033,MD,MD,0
24033,51510,MD,VA,1
24037,24037,MD,MD,0
24037,51193,MD,VA,1
24510,24510,MD,MD,0
25011,25011,MA,MA,0
25011,33005,MA,NH,1
25011,50003,MA,VT,1
25019,25019,MA,MA,0
25023,25023,MA,MA,0
25023,25025,MA,MA,0
25025,25025,MA,MA,0
26001,26001,MI,MI,0
26001,26007,MI,MI,0
26001,26069,MI,MI,0
26001,26119,MI,MI,0
26003,26003,MI,MI,0
26003,26041,MI,MI,0
26003,26083,MI,MI,0
26003,26095,MI,MI,0
26003,26103,MI,MI,0
26003,26153,MI,MI,0
26005,26005,MI,MI,0
26005,26015,MI,MI,0
26005,26077,MI,MI,0
26005,26139,MI,MI,0
26007,26007,MI,MI,0
26007,26119,MI,MI,0
26007,26141,MI,MI,0
26011,26011,MI,MI,0
26011,26017,MI,MI,0
26011,26069,MI,MI,0
26013,26013,MI,MI,0
26013,26103,MI,MI,0
26015,26015,MI,MI,0
26015,26067,MI,MI,0
26015,26077,MI,MI,0
26017,26017,MI,MI,0
26017,26111,MI,MI,0
26019,26019,MI,MI,0
26019,26055,MI,MI,0
26019,26101,MI,MI,0
26019,26165,MI,MI,0
26019,55029,MI,WI,1
26019,55061,MI,WI,1
26021,26021,MI,MI,0
26021,26027,MI,MI,0
26023,26023,MI,MI,0
26023,26077,MI,MI,0
26023,26149,MI,MI,0
26027,26027,MI,MI,0
26027,26077,MI,MI,0
26027,26149,MI,MI,0
26029,26029,MI,MI,0
26029,26031,MI,MI,0
26029,26047,MI,MI,0
26029,26097,MI,MI,0
26029,26137,MI,MI,0
26029,26153,MI,MI,0
26031,26031,MI,MI,0
26031,26047,MI,MI,0
26031,26097,MI,MI,0
26031,26119,MI,MI,0
26031,26137,MI,MI,0
26031,26141,MI,MI,0
26033,26033,MI,MI,0
26033,26095,MI,MI,0
26033,26097,MI,MI,0
26033,26141,MI,MI,0
26035,26035,MI,MI,0
26035,26111,MI,MI,0
26035,26133,MI,MI,0
26035,26143,MI,MI,0
26039,26039,MI,MI,0
26039,26079,MI,MI,0
26039,26119,MI,MI,0
26039,26137,MI,MI,0
26039,26143,MI,MI,0
26041,26041,MI,MI,0
26041,26103,MI,MI,0
26041,26153,MI,MI,0
26041,55029,MI,WI,1
26043,26043,MI,MI,0
26043,26103,MI,MI,0
26043,55037,MI,WI,1
26047,26047,MI,MI,0
26047,26097,MI,MI,0
26049,26049,MI,MI,0
26049,26087,MI,MI,0
26049,26093,MI,MI,0
26055,26055,MI,MI,0
26055,26079,MI,MI,0
26055,26101,MI,MI,0
26055,26165,MI,MI,0
26057,26057,MI,MI,0
26057,26067,MI,MI,0
26057,26111,MI,MI,0
26067,26067,MI,MI,0
26069,26069,MI,MI,0
26075,26075,MI,MI,0
26075,26091,MI,MI,0
26075,26093,MI,MI,0
26075,26161,MI,MI,0
26077,26077,MI,MI,0
26077,26149,MI,MI,0
26079,26079,MI,MI,0
26079,26137,MI,MI,0
26079,26143,MI,MI,0
26079,26165,MI,MI,0
26083,26083,MI,MI,0
26083,26103,MI,MI,0
26085,26085,MI,MI,0
26085,26101,MI,MI,0
26085,26105,MI,MI,0
26085,26123,MI,MI,0
26085,26127,MI,MI,0
26085,26133,MI,MI,0
26085,26165,MI,MI,0
26087,26087,MI,MI,0
26087,26151,MI,MI,0
26091,26091,MI,MI,0
26091,26115,MI,MI,0
26091,26161,MI,MI,0
26093,26093,MI,MI,0
26093,26161,MI,MI,0
26095,26095,MI,MI,0
26095,26097,MI,MI,0
26095,26153,MI,MI,0
26097,26097,MI,MI,0
26097,26141,MI,MI,0
26097,26153,MI,MI,0
26101,26101,MI,MI,0
26101,26105,MI,MI,0
26101,26165,MI,MI,0
26101,55061,MI,WI,1
26101,55071,MI,WI,1
26103,26103,MI,MI,0
26105,26105,MI,MI,0
26105,26123,MI,MI,0
26105,26127,MI,MI,0
26105,55071,MI,WI,1
26111,26111,MI,MI,0
26115,26115,MI,MI,0
26115,26161,MI,MI,0
26115,26163,MI,MI,0
26119,26119,MI,MI,0
26119,26137,MI,MI,0
26119,26141,MI,MI,0
26123,26123,MI,MI,0
26123,26127,MI,MI,0
26123,26133,MI,MI,0
26127,26127,MI,MI,0
26127,55089,MI,WI,1
26133,26133,MI,MI,0
26133,26165,MI,MI,0
26137,26137,MI,MI,0
26139,26139,MI,MI,0
26141,26141,MI,MI,0
26143,26143,MI,MI,0
26149,26149,MI,MI,0
26151,26151,MI,MI,0
26153,26153,MI,MI,0
26161,26161,MI,MI,0
26161,26163,MI,MI,0
26163,26163,MI,MI,0
26165,26165,MI,MI,0
27003,27003,MN,MN,0
27003,27025,MN,MN,0
27003,27123,MN,MN,0
27003,27163,MN,MN,0
27007,27007,MN,MN,0
27007,27021,MN,MN,0
27007,27029,MN,MN,0
27007,27057,MN,MN,0
27007,27089,MN,MN,0
27007,27113,MN,MN,0
27011,27011,MN,MN,0
27011,27149,MN,MN,0
27011,27151,MN,MN,0
27011,27155,MN,MN,0
27011,46051,MN,SD,1
27011,46109,MN,SD,1
27013,27013,MN,MN,0
27013,27015,MN,MN,0
27013,27043,MN,MN,0
27013,27079,MN,MN,0
27015,27015,MN,MN,0
27019,27019,MN,MN,0
27019,27085,MN,MN,0
27019,27143,MN,MN,0
27021,27021,MN,MN,0
27021,27057,MN,MN,0
27021,27097,MN,MN,0
27025,27025,MN,MN,0
27025,27065,MN,MN,0
27025,27115,MN,MN,0
27025,27163,MN,MN,0
27029,27029,MN,MN,0
27029,27057,MN,MN,0
27029,27113,MN,MN,0
27029,27119,MN,MN,0
27037,27037,MN,MN,0
27037,27123,MN,MN,0
27037,27131,MN,MN,0
27037,27163,MN,MN,0
27039,27039,MN,MN,0
27039,27099,MN,MN,0
27039,27131,MN,MN,0
27041,27041,MN,MN,0
27041,27051,MN,MN,0
27041,27149,MN,MN,0
27043,27043,MN,MN,0
27043,27047,MN,MN,0
27047,27047,MN,MN,0
27047,27099,MN,MN,0
27051,27051,MN,MN,0
27051,27149,MN,MN,0
27051,27155,MN,MN,0
27051,27167,MN,MN,0
27055,27055,MN,MN,0
27055,27169,MN,MN,0
27057,27057,MN,MN,0
27065,27065,MN,MN,0
27065,27095,MN,MN,0
27065,27115,MN,MN,0
27069,27069,MN,MN,0
27069,27089,MN,MN,0
27075,27075,MN,MN,0
27075,27137,MN,MN,0
27075,55003,MN,WI,1
27075,55007,MN,WI,1
27075,55031,MN,WI,1
27079,27079,MN,MN,0
27079,27131,MN,MN,0
27079,27143,MN,MN,0
27083,27083,MN,MN,0
27083,27101,MN,MN,0
27085,27085,MN,MN,0
27085,27143,MN,MN,0
27089,27089,MN,MN,0
27089,27113,MN,MN,0
27089,27119,MN,MN,0
27089,38035,MN,ND,1
27095,27095,MN,MN,0
27095,27097,MN,MN,0
27097,27097,MN,MN,0
27099,27099,MN,MN,0
27101,27101,MN,MN,0
27101,27105,MN,MN,0
27101,27133,MN,MN,0
27105,27105,MN,MN,0
27105,27133,MN,MN,0
27113,27113,MN,MN,0
27113,27119,MN,MN,0
27115,27115,MN,MN,0
27115,55031,MN,WI,1
27119,27119,MN,MN,0
27119,38035,MN,ND,1
27119,38097,MN,ND,1
27123,27123,MN,MN,0
27123,27163,MN,MN,0
27131,27131,MN,MN,0
27133,27133,MN,MN,0
27133,46099,MN,SD,1
27133,46101,MN,SD,1
27137,27137,MN,MN,0
27137,55031,MN,WI,1
27143,27143,MN,MN,0
27149,27149,MN,MN,0
27149,27151,MN,MN,0
27149,27155,MN,MN,0
27151,27151,MN,MN,0
27155,27155,MN,MN,0
27155,27167,MN,MN,0
27155,38077,MN,ND,1
27155,46109,MN,SD,1
27157,27157,MN,MN,0
27157,27169,MN,MN,0
27157,55011,MN,WI,1
27157,55091,MN,WI,1
27163,27163,MN,MN,0
27167,27167,MN,MN,0
27167,38077,MN,ND,1
27169,27169,MN,MN,0
27169,55011,MN,WI,1
28007,28007,MS,MS,0
28007,28019,MS,MS,0
28007,28051,MS,MS,0
28007,28079,MS,MS,0
28007,28089,MS,MS,0
28011,28011,MS,MS,0
28013,28013,MS,MS,0
28013,28017,MS,MS,0
28013,28115,MS,MS,0
28013,28161,MS,MS,0
28017,28017,MS,MS,0
28017,28025,MS,MS,0
28017,28095,MS,MS,0
28017,28115,MS,MS,0
28019,28019,MS,MS,0
28023,28023,MS,MS,0
28023,28061,MS,MS,0
28023,28075,MS,MS,0
28025,28025,MS,MS,0
28025,28095,MS,MS,0
28029,28029,MS,MS,0
28029,28063,MS,MS,0
28029,28085,MS,MS,0
28029,28127,MS,MS,0
28035,28035,MS,MS,0
28035,28067,MS,MS,0
28035,28109,MS,MS,0
28041,28041,MS,MS,0
28045,28045,MS,MS,0
28045,28109,MS,MS,0
28051,28051,MS,MS,0
28051,28083,MS,MS,0
28051,28089,MS,MS,0
28055,28055,MS,MS,0
28057,28057,MS,MS,0
28057,28095,MS,MS,0
28057,28117,MS,MS,0
28057,28141,MS,MS,0
28059,28059,MS,MS,0
28061,28061,MS,MS,0
28061,28067,MS,MS,0
28061,28075,MS,MS,0
28061,28129,MS,MS,0
28063,28063,MS,MS,0
28063,28085,MS,MS,0
28065,28065,MS,MS,0
28065,28127,MS,MS,0
28067,28067,MS,MS,0
28067,28129,MS,MS,0
28075,28075,MS,MS,0
28079,28079,MS,MS,0
28079,28089,MS,MS,0
28083,28083,MS,MS,0
28085,28085,MS,MS,0
28085,28147,MS,MS,0
28089,28089,MS,MS,0
28095,28095,MS,MS,0
28109,28109,MS,MS,0
28115,28115,MS,MS,0
28115,28145,MS,MS,0
28117,28117,MS,MS,0
28117,28139,MS,MS,0
28117,28141,MS,MS,0
28117,28145,MS,MS,0
28119,28119,MS,MS,0
28119,28143,MS,MS,0
28127,28127,MS,MS,0
28127,28129,MS,MS,0
28129,28129,MS,MS,0
28139,28139,MS,MS,0
28139,28145,MS,MS,0
28141,28141,MS,MS,0
28143,28143,MS,MS,0
28145,28145,MS,MS,0
28147,28147,MS,MS,0
28157,28157,MS,MS,0
28161,28161,MS,MS,0
29003,29003,MO,MO,0
29003,29075,MO,MO,0
29003,29147,MO,MO,0
29005,29005,MO,MO,0
29005,29147,MO,MO,0
29005,31131,MO,NE,1
29007,29007,MO,MO,0
29007,29019,MO,MO,0
29007,29163,MO,MO,0
29007,29173,MO,MO,0
29009,29009,MO,MO,0
29009,29109,MO,MO,0
29009,29119,MO,MO,0
29009,29209,MO,MO,0
29017,29017,MO,MO,0
29017,29031,MO,MO,0
29017,29157,MO,MO,0
29017,29207,MO,MO,0
29019,29019,MO,MO,0
29019,29051,MO,MO,0
29023,29023,MO,MO,0
29023,29207,MO,MO,0
29025,29025,MO,MO,0
29025,29177,MO,MO,0
29031,29031,MO,MO,0
29031,29157,MO,MO,0
29031,29207,MO,MO,0
29039,29039,MO,MO,0
29039,29057,MO,MO,0
29039,29167,MO,MO,0
29039,29217,MO,MO,0
29041,29041,MO,MO,0
29041,29121,MO,MO,0
29041,29195,MO,MO,0
29051,29051,MO,MO,0
29051,29131,MO,MO,0
29055,29055,MO,MO,0
29055,29065,MO,MO,0
29055,29071,MO,MO,0
29055,29073,MO,MO,0
29055,29161,MO,MO,0
29057,29057,MO,MO,0
29057,29109,MO,MO,0
29057,29167,MO,MO,0
29065,29065,MO,MO,0
29065,29161,MO,MO,0
29065,29179,MO,MO,0
29065,29215,MO,MO,0
29071,29071,MO,MO,0
29071,29073,MO,MO,0
29071,29099,MO,MO,0
29071,29219,MO,MO,0
29073,29073,MO,MO,0
29073,29161,MO,MO,0
29073,29219,MO,MO,0
29075,29075,MO,MO,0
29075,29147,MO,MO,0
29079,29079,MO,MO,0
29099,29099,MO,MO,0
29099,29186,MO,MO,0
29101,29101,MO,MO,0
29101,29107,MO,MO,0
29103,29103,MO,MO,0
29103,29111,MO,MO,0
29103,29121,MO,MO,0
29103,29199,MO,MO,0
29107,29107,MO,MO,0
29107,29177,MO,MO,0
29107,29195,MO,MO,0
29109,29109,MO,MO,0
29109,29209,MO,MO,0
29111,29111,MO,MO,0
29113,29113,MO,MO,0
29113,29163,MO,MO,0
29113,29219,MO,MO,0
29119,29119,MO,MO,0
29119,40041,MO,OK,1
29121,29121,MO,MO,0
29131,29131,MO,MO,0
29131,29141,MO,MO,0
29141,29141,MO,MO,0
29143,29143,MO,MO,0
29143,29155,MO,MO,0
29143,29207,MO,MO,0
29147,29147,MO,MO,0
29149,29149,MO,MO,0
29153,29153,MO,MO,0
29153,29213,MO,MO,0
29155,29155,MO,MO,0
29157,29157,MO,MO,0
29157,29186,MO,MO,0
29161,29161,MO,MO,0
29161,29215,MO,MO,0
29163,29163,MO,MO,0
29163,29173,MO,MO,0
29165,29165,MO,MO,0
29167,29167,MO,MO,0
29173,29173,MO,MO,0
29177,29177,MO,MO,0
29179,29179,MO,MO,0
29186,29186,MO,MO,0
29195,29195,MO,MO,0
29199,29199,MO,MO,0
29207,29207,MO,MO,0
29209,29209,MO,MO,0
29209,29213,MO,MO,0
29213,29213,MO,MO,0
29215,29215,MO,MO,0
29215,29229,MO,MO,0
29217,29217,MO,MO,0
29219,29219,MO,MO,0
29229,29229,MO,MO,0
29510,29510,MO,MO,0
30001,30001,MT,MT,0
30001,30081,MT,MT,0
30003,30003,MT,MT,0
30003,30103,MT,MT,0
30003,56003,MT,WY,1
30021,30021,MT,MT,0
30021,30109,MT,MT,0
30025,30025,MT,MT,0
30025,30109,MT,MT,0
30025,38011,MT,ND,1
30025,38033,MT,ND,1
30025,46063,MT,SD,1
30029,30029,MT,MT,0
30029,30035,MT,MT,0
30029,30047,MT,MT,0
30029,30053,MT,MT,0
30029,30063,MT,MT,0
30029,30089,MT,MT,0
30029,30099,MT,MT,0
30031,30031,MT,MT,0
30031,30043,MT,MT,0
30031,30059,MT,MT,0
30031,56029,MT,WY,1
30035,30035,MT,MT,0
30037,30037,MT,MT,0
30037,30095,MT,MT,0
30037,30107,MT,MT,0
30043,30043,MT,MT,0
30045,30045,MT,MT,0
30045,30059,MT,MT,0
30045,30107,MT,MT,0
30047,30047,MT,MT,0
30047,30063,MT,MT,0
30047,30089,MT,MT,0
30051,30051,MT,MT,0
30053,30053,MT,MT,0
30053,30089,MT,MT,0
30059,30059,MT,MT,0
30059,30107,MT,MT,0
30061,30061,MT,MT,0
30061,30063,MT,MT,0
30061,30089,MT,MT,0
30063,30063,MT,MT,0
30063,30081,MT,MT,0
30063,30089,MT,MT,0
30069,30069,MT,MT,0
30081,30081,MT,MT,0
30085,30085,MT,MT,0
30085,30091,MT,MT,0
30085,30105,MT,MT,0
30085,38053,MT,ND,1
30089,30089,MT,MT,0
30091,30091,MT,MT,0
30091,38023,MT,ND,1
30095,30095,MT,MT,0
30099,30099,MT,MT,0
30103,30103,MT,MT,0
30105,30105,MT,MT,0
30107,30107,MT,MT,0
30109,30109,MT,MT,0
30109,38033,MT,ND,1
30109,38053,MT,ND,1
31003,31003,NE,NE,0
31003,31119,NE,NE,0
31003,31183,NE,NE,0
31005,31005,NE,NE,0
31005,31075,NE,NE,0
31007,31007,NE,NE,0
31007,31123,NE,NE,0
31007,31157,NE,NE,0
31007,56021,NE,WY,1
31013,31013,NE,NE,0
31013,31045,NE,NE,0
31013,31123,NE,NE,0
31013,31157,NE,NE,0
31013,31161,NE,NE,0
31013,31165,NE,NE,0
31015,31015,NE,NE,0
31015,31103,NE,NE,0
31015,31149,NE,NE,0
31015,46053,NE,SD,1
31019,31019,NE,NE,0
31019,31041,NE,NE,0
31019,31047,NE,NE,0
31019,31099,NE,NE,0
31019,31163,NE,NE,0
31021,31021,NE,NE,0
31021,31053,NE,NE,0
31021,31177,NE,NE,0
31023,31023,NE,NE,0
31023,31037,NE,NE,0
31023,31053,NE,NE,0
31023,31143,NE,NE,0
31023,31155,NE,NE,0
31023,31185,NE,NE,0
31025,31025,NE,NE,0
31025,31131,NE,NE,0
31025,31153,NE,NE,0
31025,31155,NE,NE,0
31027,31027,NE,NE,0
31027,31179,NE,NE,0
31027,46027,NE,SD,1
31027,46135,NE,SD,1
31029,31029,NE,NE,0
31029,31085,NE,NE,0
31037,31037,NE,NE,0
31037,31053,NE,NE,0
31037,31167,NE,NE,0
31041,31041,NE,NE,0
31041,31047,NE,NE,0
31041,31111,NE,NE,0
31041,31115,NE,NE,0
31041,31163,NE,NE,0
31041,31175,NE,NE,0
31045,31045,NE,NE,0
31045,31161,NE,NE,0
31045,31165,NE,NE,0
31047,31047,NE,NE,0
31047,31063,NE,NE,0
31047,31111,NE,NE,0
31049,31049,NE,NE,0
31053,31053,NE,NE,0
31053,31155,NE,NE,0
31053,31177,NE,NE,0
31059,31059,NE,NE,0
31059,31095,NE,NE,0
31059,31129,NE,NE,0
31059,31185,NE,NE,0
31061,31061,NE,NE,0
31061,31099,NE,NE,0
31061,31181,NE,NE,0
31063,31063,NE,NE,0
31063,31065,NE,NE,0
31063,31085,NE,NE,0
31063,31111,NE,NE,0
31065,31065,NE,NE,0
31067,31067,NE,NE,0
31067,31095,NE,NE,0
31067,31131,NE,NE,0
31067,31133,NE,NE,0
31075,31075,NE,NE,0
31075,31161,NE,NE,0
31085,31085,NE,NE,0
31085,31111,NE,NE,0
31095,31095,NE,NE,0
31099,31099,NE,NE,0
31099,31181,NE,NE,0
31103,31103,NE,NE,0
31103,31149,NE,NE,0
31103,46053,NE,SD,1
31111,31111,NE,NE,0
31115,31115,NE,NE,0
31115,31149,NE,NE,0
31119,31119,NE,NE,0
31119,31167,NE,NE,0
31119,31179,NE,NE,0
31123,31123,NE,NE,0
31123,31157,NE,NE,0
31123,31161,NE,NE,0
31129,31129,NE,NE,0
31129,31181,NE,NE,0
31131,31131,NE,NE,0
31133,31133,NE,NE,0
31133,31147,NE,NE,0
31143,31143,NE,NE,0
31143,31185,NE,NE,0
31147,31147,NE,NE,0
31149,31149,NE,NE,0
31153,31153,NE,NE,0
31153,31155,NE,NE,0
31155,31155,NE,NE,0
31157,31157,NE,NE,0
31157,31165,NE,NE,0
31161,31161,NE,NE,0
31163,31163,NE,NE,0
31163,31175,NE,NE,0
31165,31165,NE,NE,0
31167,31167,NE,NE,0
31167,31179,NE,NE,0
31171,31171,NE,NE,0
31175,31175,NE,NE,0
31175,31183,NE,NE,0
31177,31177,NE,NE,0
31179,31179,NE,NE,0
31181,31181,NE,NE,0
31183,31183,NE,NE,0
31185,31185,NE,NE,0
32001,32001,NV,NV,0
32001,32019,NV,NV,0
32001,32021,NV,NV,0
32001,32031,NV,NV,0
32007,32007,NV,NV,0
32007,32011,NV,NV,0
32007,32033,NV,NV,0
32007,49003,NV,UT,1
32009,32009,NV,NV,0
32009,32021,NV,NV,0
32011,32011,NV,NV,0
32011,32033,NV,NV,0
32017,32017,NV,NV,0
32017,32033,NV,NV,0
32017,49001,NV,UT,1
32017,49021,NV,UT,1
32017,49027,NV,UT,1
32017,49053,NV,UT,1
32019,32019,NV,NV,0
32019,32021,NV,NV,0
32019,32031,NV,NV,0
32021,32021,NV,NV,0
32031,32031,NV,NV,0
32031,41025,NV,OR,1
32033,32033,NV,NV,0
32033,49023,NV,UT,1
32033,49027,NV,UT,1
33001,33001,NH,NH,0
33001,33003,NH,NH,0
33001,33009,NH,NH,0
33001,33013,NH,NH,0
33001,33017,NH,NH,0
33003,33003,NH,NH,0
33003,33009,NH,NH,0
33003,33017,NH,NH,0
33005,33005,NH,NH,0
33005,33011,NH,NH,0
33005,33019,NH,NH,0
33009,33009,NH,NH,0
33009,33013,NH,NH,0
33009,33019,NH,NH,0
33009,50027,NH,VT,1
33011,33011,NH,NH,0
33011,33013,NH,NH,0
33011,33019,NH,NH,0
33013,33013,NH,NH,0
33013,33017,NH,NH,0
33013,33019,NH,NH,0
33017,33017,NH,NH,0
33019,33019,NH,NH,0
33019,50027,NH,VT,1
34003,34003,NJ,NJ,0
34003,34013,NJ,NJ,0
34003,34017,NJ,NJ,0
34003,36061,NJ,NY,1
34003,36087,NJ,NY,1
34005,34005,NJ,NJ,0
34005,34007,NJ,NJ,0
34005,34021,NJ,NJ,0
34005,42017,NJ,PA,1
34005,42101,NJ,PA,1
34007,34007,NJ,NJ,0
34007,42101,NJ,PA,1
34013,34013,NJ,NJ,0
34013,34017,NJ,NJ,0
34017,34017,NJ,NJ,0
34017,36061,NJ,NY,1
34017,36085,NJ,NY,1
34021,34021,NJ,NJ,0
34021,42017,NJ,PA,1
34033,34033,NJ,NJ,0
34041,34041,NJ,NJ,0
34041,42017,NJ,PA,1
34041,42089,NJ,PA,1
35003,35003,NM,NM,0
35003,35051,NM,NM,0
35007,35007,NM,NM,0
35007,35021,NM,NM,0
35007,35033,NM,NM,0
35007,35055,NM,NM,0
35009,35009,NM,NM,0
35009,35037,NM,NM,0
35009,35041,NM,NM,0
35009,48017,NM,TX,1
35009,48369,NM,TX,1
35021,35021,NM,NM,0
35021,35033,NM,NM,0
35021,35037,NM,NM,0
35023,35023,NM,NM,0
35023,35029,NM,NM,0
35025,35025,NM,NM,0
35025,35041,NM,NM,0
35025,48079,NM,TX,1
35025,48165,NM,TX,1
35025,48301,NM,TX,1
35028,35028,NM,NM,0
35028,35039,NM,NM,0
35028,35049,NM,NM,0
35029,35029,NM,NM,0
35029,35051,NM,NM,0
35033,35033,NM,NM,0
35033,35039,NM,NM,0
35033,35049,NM,NM,0
35033,35055,NM,NM,0
35037,35037,NM,NM,0
35037,35041,NM,NM,0
35037,48205,NM,TX,1
35037,48359,NM,TX,1
35039,35039,NM,NM,0
35039,35049,NM,NM,0
35039,35055,NM,NM,0
35041,35041,NM,NM,0
35041,48017,NM,TX,1
35041,48079,NM,TX,1
35049,35049,NM,NM,0
35049,35057,NM,NM,0
35051,35051,NM,NM,0
35055,35055,NM,NM,0
35057,35057,NM,NM,0
35057,35061,NM,NM,0
35061,35061,NM,NM,0
36009,36009,NY,NY,0
36009,36029,NY,NY,0
36009,36121,NY,NY,0
36009,42083,NY,PA,1
36023,36023,NY,NY,0
36025,36025,NY,NY,0
36025,36039,NY,NY,0
36025,36095,NY,NY,0
36025,36111,NY,NY,0
36029,36029,NY,NY,0
36029,36121,NY,NY,0
36031,36031,NY,NY,0
36031,36033,NY,NY,0
36031,36115,NY,NY,0
36031,50001,NY,VT,1
36031,50007,NY,VT,1
36033,36033,NY,NY,0
36033,36089,NY,NY,0
36039,36039,NY,NY,0
36039,36083,NY,NY,0
36039,36095,NY,NY,0
36039,36111,NY,NY,0
36045,36045,NY,NY,0
36045,36049,NY,NY,0
36045,36075,NY,NY,0
36045,36089,NY,NY,0
36049,36049,NY,NY,0
36049,36065,NY,NY,0
36049,36075,NY,NY,0
36049,36089,NY,NY,0
36057,36057,NY,NY,0
36057,36091,NY,NY,0
36057,36093,NY,NY,0
36057,36095,NY,NY,0
36061,36061,NY,NY,0
36061,36081,NY,NY,0
36065,36065,NY,NY,0
36065,36075,NY,NY,0
36069,36069,NY,NY,0
36069,36099,NY,NY,0
36069,36101,NY,NY,0
36069,36123,NY,NY,0
36073,36073,NY,NY,0
36075,36075,NY,NY,0
36081,36081,NY,NY,0
36081,36085,NY,NY,0
36083,36083,NY,NY,0
36083,36091,NY,NY,0
36083,36115,NY,NY,0
36083,50003,NY,VT,1
36085,36085,NY,NY,0
36087,36087,NY,NY,0
36089,36089,NY,NY,0
36091,36091,NY,NY,0
36091,36093,NY,NY,0
36091,36115,NY,NY,0
36093,36093,NY,NY,0
36093,36095,NY,NY,0
36095,36095,NY,NY,0
36097,36097,NY,NY,0
36097,36099,NY,NY,0
36097,36101,NY,NY,0
36097,36123,NY,NY,0
36099,36099,NY,NY,0
36099,36123,NY,NY,0
36101,36101,NY,NY,0
36101,36123,NY,NY,0
36103,36103,NY,NY,0
36111,36111,NY,NY,0
36115,36115,NY,NY,0
36115,50001,NY,VT,1
36115,50003,NY,VT,1
36115,50021,NY,VT,1
36121,36121,NY,NY,0
36123,36123,NY,NY,0
37001,37001,NC,NC,0
37001,37033,NC,NC,0
37001,37037,NC,NC,0
37003,37003,NC,NC,0
37003,37035,NC,NC,0
37005,37005,NC,NC,0
37007,37007,NC,NC,0
37007,37153,NC,NC,0
37007,37167,NC,NC,0
37007,45025,NC,SC,1
37007,45069,NC,SC,1
37015,37015,NC,NC,0
37015,37187,NC,NC,0
37017,37017,NC,NC,0
37017,37047,NC,NC,0
37017,37051,NC,NC,0
37017,37141,NC,NC,0
37017,37155,NC,NC,0
37017,37163,NC,NC,0
37019,37019,NC,NC,0
37019,37047,NC,NC,0
37019,37141,NC,NC,0
37021,37021,NC,NC,0
37021,37089,NC,NC,0
37021,37115,NC,NC,0
37029,37029,NC,NC,0
37029,37053,NC,NC,0
37029,37073,NC,NC,0
37029,37177,NC,NC,0
37029,51550,NC,VA,1
37033,37033,NC,NC,0
37033,51083,NC,VA,1
37033,51590,NC,VA,1
37035,37035,NC,NC,0
37037,37037,NC,NC,0
37037,37105,NC,NC,0
37037,37125,NC,NC,0
37043,37043,NC,NC,0
37045,37045,NC,NC,0
37045,37071,NC,NC,0
37045,45021,NC,SC,1
37045,45091,NC,SC,1
37047,37047,NC,NC,0
37047,37141,NC,NC,0
37047,37155,NC,NC,0
37049,37049,NC,NC,0
37049,37107,NC,NC,0
37049,37137,NC,NC,0
37051,37051,NC,NC,0
37051,37125,NC,NC,0
37051,37155,NC,NC,0
37051,37163,NC,NC,0
37053,37053,NC,NC,0
37053,37177,NC,NC,0
37053,51550,NC,VA,1
37057,37057,NC,NC,0
37057,37159,NC,NC,0
37057,37167,NC,NC,0
37065,37065,NC,NC,0
37065,37127,NC,NC,0
37071,37071,NC,NC,0
37071,37119,NC,NC,0
37071,45091,NC,SC,1
37073,37073,NC,NC,0
37075,37075,NC,NC,0
37075,37173,NC,NC,0
37075,47009,NC,TN,1
37075,47123,NC,TN,1
37079,37079,NC,NC,0
37079,37107,NC,NC,0
37079,37191,NC,NC,0
37089,37089,NC,NC,0
37089,45045,NC,SC,1
37095,37095,NC,NC,0
37095,37137,NC,NC,0
37095,37177,NC,NC,0
37095,37187,NC,NC,0
37099,37099,NC,NC,0
37099,37173,NC,NC,0
37099,45073,NC,SC,1
37101,37101,NC,NC,0
37101,37127,NC,NC,0
37101,37163,NC,NC,0
37101,37191,NC,NC,0
37105,37105,NC,NC,0
37105,37125,NC,NC,0
37107,37107,NC,NC,0
37107,37191,NC,NC,0
37115,37115,NC,NC,0
37115,47029,NC,TN,1
37115,47059,NC,TN,1
37115,47171,NC,TN,1
37119,37119,NC,NC,0
37119,45091,NC,SC,1
37125,37125,NC,NC,0
37125,37153,NC,NC,0
37125,37165,NC,NC,0
37127,37127,NC,NC,0
37133,37133,NC,NC,0
37133,37141,NC,NC,0
37137,37137,NC,NC,0
37141,37141,NC,NC,0
37141,37163,NC,NC,0
37153,37153,NC,NC,0
37153,37165,NC,NC,0
37153,37167,NC,NC,0
37153,45025,NC,SC,1
37153,45069,NC,SC,1
37155,37155,NC,NC,0
37155,37165,NC,NC,0
37155,45069,NC,SC,1
37159,37159,NC,NC,0
37159,37167,NC,NC,0
37163,37163,NC,NC,0
37163,37191,NC,NC,0
37165,37165,NC,NC,0
37165,45069,NC,SC,1
37167,37167,NC,NC,0
37173,37173,NC,NC,0
37173,47009,NC,TN,1
37177,37177,NC,NC,0
37177,37187,NC,NC,0
37181,37181,NC,NC,0
37187,37187,NC,NC,0
37189,37189,NC,NC,0
37189,47091,NC,TN,1
37191,37191,NC,NC,0
37197,37197,NC,NC,0
38009,38009,ND,ND,0
38009,38049,ND,ND,0
38009,38079,ND,ND,0
38011,38011,ND,ND,0
38011,46063,ND,SD,1
38013,38013,ND,ND,0
38013,38023,ND,ND,0
38013,38061,ND,ND,0
38013,38101,ND,ND,0
38015,38015,ND,ND,0
38015,38029,ND,ND,0
38015,38043,ND,ND,0
38015,38055,ND,ND,0
38015,38065,ND,ND,0
38015,38083,ND,ND,0
38021,38021,ND,ND,0
38021,38073,ND,ND,0
38021,46013,ND,SD,1
38021,46089,ND,SD,1
38023,38023,ND,ND,0
38029,38029,ND,ND,0
38029,38043,ND,ND,0
38029,38085,ND,ND,0
38029,46021,ND,SD,1
38033,38033,ND,ND,0
38033,38053,ND,ND,0
38035,38035,ND,ND,0
38035,38063,ND,ND,0
38035,38097,ND,ND,0
38037,38037,ND,ND,0
38037,38041,ND,ND,0
38037,38085,ND,ND,0
38041,38041,ND,ND,0
38043,38043,ND,ND,0
38043,38083,ND,ND,0
38043,38093,ND,ND,0
38049,38049,ND,ND,0
38049,38055,ND,ND,0
38049,38083,ND,ND,0
38049,38101,ND,ND,0
38053,38053,ND,ND,0
38053,38061,ND,ND,0
38055,38055,ND,ND,0
38055,38057,ND,ND,0
38055,38061,ND,ND,0
38055,38065,ND,ND,0
38055,38083,ND,ND,0
38055,38101,ND,ND,0
38057,38057,ND,ND,0
38057,38065,ND,ND,0
38061,38061,ND,ND,0
38061,38101,ND,ND,0
38063,38063,ND,ND,0
38065,38065,ND,ND,0
38073,38073,ND,ND,0
38073,38077,ND,ND,0
38077,38077,ND,ND,0
38077,46091,ND,SD,1
38077,46109,ND,SD,1
38079,38079,ND,ND,0
38079,38095,ND,ND,0
38083,38083,ND,ND,0
38085,38085,ND,ND,0
38093,38093,ND,ND,0
38095,38095,ND,ND,0
38097,38097,ND,ND,0
38101,38101,ND,ND,0
39005,39005,OH,OH,0
39005,39075,OH,OH,0
39005,39083,OH,OH,0
39005,39093,OH,OH,0
39005,39103,OH,OH,0
39005,39169,OH,OH,0
39011,39011,OH,OH,0
39011,39091,OH,OH,0
39013,39013,OH,OH,0
39013,39081,OH,OH,0
39013,39111,OH,OH,0
39013,39121,OH,OH,0
39015,39015,OH,OH,0
39015,39071,OH,OH,0
39019,39019,OH,OH,0
39019,39081,OH,OH,0
39019,39151,OH,OH,0
39019,39157,OH,OH,0
39021,39021,OH,OH,0
39021,39023,OH,OH,0
39021,39091,OH,OH,0
39021,39097,OH,OH,0
39023,39023,OH,OH,0
39023,39097,OH,OH,0
39031,39031,OH,OH,0
39031,39075,OH,OH,0
39031,39083,OH,OH,0
39031,39157,OH,OH,0
39035,39035,OH,OH,0
39035,39055,OH,OH,0
39035,39085,OH,OH,0
39035,39093,OH,OH,0
39035,39103,OH,OH,0
39035,39153,OH,OH,0
39037,39037,OH,OH,0
39037,39135,OH,OH,0
39041,39041,OH,OH,0
39041,39083,OH,OH,0
39041,39101,OH,OH,0
39041,39117,OH,OH,0
39045,39045,OH,OH,0
39045,39073,OH,OH,0
39053,39053,OH,OH,0
39053,39079,OH,OH,0
39053,39087,OH,OH,0
39053,39163,OH,OH,0
39053,54053,OH,WV,1
39055,39055,OH,OH,0
39055,39085,OH,OH,0
39055,39153,OH,OH,0
39055,39155,OH,OH,0
39071,39071,OH,OH,0
39071,39131,OH,OH,0
39071,39141,OH,OH,0
39073,39073,OH,OH,0
39073,39141,OH,OH,0
39073,39163,OH,OH,0
39075,39075,OH,OH,0
39075,39083,OH,OH,0
39075,39151,OH,OH,0
39075,39157,OH,OH,0
39075,39169,OH,OH,0
39079,39079,OH,OH,0
39079,39087,OH,OH,0
39079,39131,OH,OH,0
39079,39141,OH,OH,0
39079,39145,OH,OH,0
39079,39163,OH,OH,0
39081,39081,OH,OH,0
39081,54009,OH,WV,1
39083,39083,OH,OH,0
39083,39117,OH,OH,0
39085,39085,OH,OH,0
39087,39087,OH,OH,0
39087,39145,OH,OH,0
39091,39091,OH,OH,0
39093,39093,OH,OH,0
39093,39103,OH,OH,0
39097,39097,OH,OH,0
39101,39101,OH,OH,0
39101,39117,OH,OH,0
39103,39103,OH,OH,0
39103,39153,OH,OH,0
39103,39169,OH,OH,0
39111,39111,OH,OH,0
39111,39121,OH,OH,0
39111,39167,OH,OH,0
39111,54095,OH,WV,1
39111,54103,OH,WV,1
39117,39117,OH,OH,0
39121,39121,OH,OH,0
39121,39167,OH,OH,0
39123,39123,OH,OH,0
39123,39143,OH,OH,0
39123,39173,OH,OH,0
39125,39125,OH,OH,0
39125,39137,OH,OH,0
39131,39131,OH,OH,0
39131,39141,OH,OH,0
39131,39145,OH,OH,0
39135,39135,OH,OH,0
39137,39137,OH,OH,0
39137,39173,OH,OH,0
39141,39141,OH,OH,0
39141,39163,OH,OH,0
39143,39143,OH,OH,0
39143,39173,OH,OH,0
39145,39145,OH,OH,0
39151,39151,OH,OH,0
39151,39153,OH,OH,0
39151,39157,OH,OH,0
39151,39169,OH,OH,0
39153,39153,OH,OH,0
39153,39169,OH,OH,0
39155,39155,OH,OH,0
39155,42085,OH,PA,1
39157,39157,OH,OH,0
39163,39163,OH,OH,0
39165,39165,OH,OH,0
39167,39167,OH,OH,0
39167,54095,OH,WV,1
39169,39169,OH,OH,0
39171,39171,OH,OH,0
39173,39173,OH,OH,0
40001,40001,OK,OK,0
40001,40041,OK,OK,0
40005,40005,OK,OK,0
40005,40023,OK,OK,0
40005,40069,OK,OK,0
40005,40121,OK,OK,0
40007,40007,OK,OK,0
40007,48295,OK,TX,1
40011,40011,OK,OK,0
40011,40015,OK,OK,0
40011,40017,OK,OK,0
40011,40043,OK,OK,0
40011,40073,OK,OK,0
40011,40093,OK,OK,0
40015,40015,OK,OK,0
40015,40017,OK,OK,0
40015,40031,OK,OK,0
40015,40051,OK,OK,0
40017,40017,OK,OK,0
40017,40051,OK,OK,0
40017,40073,OK,OK,0
40017,40087,OK,OK,0
40017,40109,OK,OK,0
40023,40023,OK,OK,0
40023,40089,OK,OK,0
40023,48277,OK,TX,1
40023,48387,OK,TX,1
40031,40031,OK,OK,0
40031,40033,OK,OK,0
40031,40051,OK,OK,0
40033,40033,OK,OK,0
40033,48077,OK,TX,1
40037,40037,OK,OK,0
40037,40081,OK,OK,0
40037,40111,OK,OK,0
40037,40117,OK,OK,0
40037,40119,OK,OK,0
40041,40041,OK,OK,0
40043,40043,OK,OK,0
40043,40093,OK,OK,0
40043,40129,OK,OK,0
40043,40153,OK,OK,0
40051,40051,OK,OK,0
40051,40087,OK,OK,0
40057,40057,OK,OK,0
40057,40065,OK,OK,0
40057,48087,OK,TX,1
40061,40061,OK,OK,0
40061,40077,OK,OK,0
40061,40079,OK,OK,0
40061,40091,OK,OK,0
40061,40121,OK,OK,0
40065,40065,OK,OK,0
40065,48487,OK,TX,1
40069,40069,OK,OK,0
40069,40123,OK,OK,0
40071,40071,OK,OK,0
40071,40103,OK,OK,0
40073,40073,OK,OK,0
40073,40093,OK,OK,0
40073,40109,OK,OK,0
40077,40077,OK,OK,0
40077,40079,OK,OK,0
40077,40121,OK,OK,0
40079,40079,OK,OK,0
40079,40089,OK,OK,0
40081,40081,OK,OK,0
40081,40109,OK,OK,0
40081,40119,OK,OK,0
40081,40125,OK,OK,0
40087,40087,OK,OK,0
40087,40123,OK,OK,0
40087,40125,OK,OK,0
40089,40089,OK,OK,0
40089,48037,OK,TX,1
40089,48387,OK,TX,1
40091,40091,OK,OK,0
40091,40111,OK,OK,0
40091,40121,OK,OK,0
40093,40093,OK,OK,0
40093,40151,OK,OK,0
40093,40153,OK,OK,0
40103,40103,OK,OK,0
40103,40117,OK,OK,0
40103,40119,OK,OK,0
40109,40109,OK,OK,0
40109,40125,OK,OK,0
40111,40111,OK,OK,0
40117,40117,OK,OK,0
40117,40119,OK,OK,0
40119,40119,OK,OK,0
40121,40121,OK,OK,0
40123,40123,OK,OK,0
40123,40125,OK,OK,0
40125,40125,OK,OK,0
40129,40129,OK,OK,0
40129,48483,OK,TX,1
40147,40147,OK,OK,0
40151,40151,OK,OK,0
40151,40153,OK,OK,0
40153,40153,OK,OK,0
41005,41005,OR,OR,0
41005,41047,OR,OR,0
41011,41011,OR,OR,0
41011,41019,OR,OR,0
41013,41013,OR,OR,0
41013,41025,OR,OR,0
41013,41031,OR,OR,0
41019,41019,OR,OR,0
41019,41035,OR,OR,0
41025,41025,OR,OR,0
41025,41045,OR,OR,0
41031,41031,OR,OR,0
41031,41043,OR,OR,0
41031,41047,OR,OR,0
41035,41035,OR,OR,0
41043,41043,OR,OR,0
41043,41047,OR,OR,0
41045,41045,OR,OR,0
41047,41047,OR,OR,0
42001,42001,PA,PA,0
42001,42055,PA,PA,0
42003,42003,PA,PA,0
42003,42005,PA,PA,0
42003,42007,PA,PA,0
42003,42019,PA,PA,0
42003,42129,PA,PA,0
42005,42005,PA,PA,0
42005,42019,PA,PA,0
42005,42031,PA,PA,0
42005,42063,PA,PA,0
42005,42129,PA,PA,0
42007,42007,PA,PA,0
42007,42019,PA,PA,0
42007,42073,PA,PA,0
42009,42009,PA,PA,0
42009,42013,PA,PA,0
42009,42061,PA,PA,0
42013,42013,PA,PA,0
42013,42027,PA,PA,0
42013,42061,PA,PA,0
42015,42015,PA,PA,0
42015,42113,PA,PA,0
42015,42115,PA,PA,0
42017,42017,PA,PA,0
42017,42101,PA,PA,0
42019,42019,PA,PA,0
42019,42031,PA,PA,0
42019,42073,PA,PA,0
42019,42085,PA,PA,0
42019,42121,PA,PA,0
42025,42025,PA,PA,0
42025,42089,PA,PA,0
42027,42027,PA,PA,0
42027,42035,PA,PA,0
42027,42061,PA,PA,0
42027,42087,PA,PA,0
42027,42119,PA,PA,0
42029,42029,PA,PA,0
42029,42045,PA,PA,0
42031,42031,PA,PA,0
42031,42121,PA,PA,0
42035,42035,PA,PA,0
42035,42119,PA,PA,0
42045,42045,PA,PA,0
42045,42101,PA,PA,0
42049,42049,PA,PA,0
42055,42055,PA,PA,0
42055,42061,PA,PA,0
42055,42067,PA,PA,0
42061,42061,PA,PA,0
42061,42067,PA,PA,0
42061,42087,PA,PA,0
42063,42063,PA,PA,0
42063,42129,PA,PA,0
42067,42067,PA,PA,0
42067,42087,PA,PA,0
42067,42097,PA,PA,0
42067,42109,PA,PA,0
42069,42069,PA,PA,0
42069,42089,PA,PA,0
42069,42115,PA,PA,0
42073,42073,PA,PA,0
42073,42085,PA,PA,0
42075,42075,PA,PA,0
42083,42083,PA,PA,0
42085,42085,PA,PA,0
42085,42121,PA,PA,0
42087,42087,PA,PA,0
42087,42109,PA,PA,0
42087,42119,PA,PA,0
42089,42089,PA,PA,0
42089,42103,PA,PA,0
42093,42093,PA,PA,0
42093,42097,PA,PA,0
42097,42097,PA,PA,0
42097,42109,PA,PA,0
42097,42119,PA,PA,0
42101,42101,PA,PA,0
42103,42103,PA,PA,0
42109,42109,PA,PA,0
42109,42119,PA,PA,0
42113,42113,PA,PA,0
42115,42115,PA,PA,0
42119,42119,PA,PA,0
42121,42121,PA,PA,0
42129,42129,PA,PA,0
44007,44007,RI,RI,0
45001,45001,SC,SC,0
45001,45045,SC,SC,0
45001,45059,SC,SC,0
45005,45005,SC,SC,0
45005,45009,SC,SC,0
45005,45011,SC,SC,0
45005,45029,SC,SC,0
45009,45009,SC,SC,0
45009,45011,SC,SC,0
45009,45029,SC,SC,0
45011,45011,SC,SC,0
45015,45015,SC,SC,0
45015,45019,SC,SC,0
45015,45027,SC,SC,0
45015,45035,SC,SC,0
45015,45043,SC,SC,0
45019,45019,SC,SC,0
45019,45029,SC,SC,0
45019,45035,SC,SC,0
45019,45043,SC,SC,0
45021,45021,SC,SC,0
45021,45083,SC,SC,0
45021,45091,SC,SC,0
45023,45023,SC,SC,0
45023,45091,SC,SC,0
45025,45025,SC,SC,0
45025,45055,SC,SC,0
45025,45069,SC,SC,0
45027,45027,SC,SC,0
45029,45029,SC,SC,0
45029,45035,SC,SC,0
45035,45035,SC,SC,0
45043,45043,SC,SC,0
45045,45045,SC,SC,0
45045,45059,SC,SC,0
45045,45083,SC,SC,0
45055,45055,SC,SC,0
45055,45061,SC,SC,0
45059,45059,SC,SC,0
45059,45083,SC,SC,0
45061,45061,SC,SC,0
45069,45069,SC,SC,0
45073,45073,SC,SC,0
45081,45081,SC,SC,0
45083,45083,SC,SC,0
45091,45091,SC,SC,0
46005,46005,SD,SD,0
46005,46025,SD,SD,0
46005,46059,SD,SD,0
46005,46073,SD,SD,0
46005,46111,SD,SD,0
46005,46115,SD,SD,0
46007,46007,SD,SD,0
46009,46009,SD,SD,0
46009,46067,SD,SD,0
46009,46135,SD,SD,0
46013,46013,SD,SD,0
46013,46037,SD,SD,0
46013,46049,SD,SD,0
46013,46089,SD,SD,0
46013,46091,SD,SD,0
46013,46115,SD,SD,0
46019,46019,SD,SD,0
46019,46063,SD,SD,0
46019,46081,SD,SD,0
46019,46093,SD,SD,0
46019,56011,SD,WY,1
46021,46021,SD,SD,0
46021,46089,SD,SD,0
46025,46025,SD,SD,0
46025,46029,SD,SD,0
46025,46037,SD,SD,0
46025,46057,SD,SD,0
46025,46115,SD,SD,0
46027,46027,SD,SD,0
46027,46127,SD,SD,0
46027,46135,SD,SD,0
46029,46029,SD,SD,0
46029,46037,SD,SD,0
46029,46039,SD,SD,0
46029,46051,SD,SD,0
46029,46057,SD,SD,0
46035,46035,SD,SD,0
46035,46067,SD,SD,0
46035,46111,SD,SD,0
46037,46037,SD,SD,0
46037,46051,SD,SD,0
46037,46091,SD,SD,0
46037,46109,SD,SD,0
46037,46115,SD,SD,0
46039,46039,SD,SD,0
46039,46051,SD,SD,0
46039,46057,SD,SD,0
46049,46049,SD,SD,0
46049,46059,SD,SD,0
46049,46107,SD,SD,0
46049,46115,SD,SD,0
46051,46051,SD,SD,0
46051,46109,SD,SD,0
46053,46053,SD,SD,0
46055,46055,SD,SD,0
46055,46093,SD,SD,0
46055,46103,SD,SD,0
46055,46117,SD,SD,0
46055,46137,SD,SD,0
46057,46057,SD,SD,0
46059,46059,SD,SD,0
46059,46073,SD,SD,0
46059,46115,SD,SD,0
46063,46063,SD,SD,0
46065,46065,SD,SD,0
46065,46117,SD,SD,0
46067,46067,SD,SD,0
46067,46087,SD,SD,0
46067,46135,SD,SD,0
46073,46073,SD,SD,0
46073,46111,SD,SD,0
46081,46081,SD,SD,0
46081,46093,SD,SD,0
46081,46103,SD,SD,0
46081,56011,SD,WY,1
46081,56045,SD,WY,1
46087,46087,SD,SD,0
46087,46099,SD,SD,0
46089,46089,SD,SD,0
46091,46091,SD,SD,0
46091,46109,SD,SD,0
46093,46093,SD,SD,0
46093,46103,SD,SD,0
46093,46137,SD,SD,0
46099,46099,SD,SD,0
46099,46101,SD,SD,0
46101,46101,SD,SD,0
46103,46103,SD,SD,0
46103,56045,SD,WY,1
46107,46107,SD,SD,0
46109,46109,SD,SD,0
46111,46111,SD,SD,0
46115,46115,SD,SD,0
46117,46117,SD,SD,0
46117,46137,SD,SD,0
46127,46127,SD,SD,0
46135,46135,SD,SD,0
46137,46137,SD,SD,0
47001,47001,TN,TN,0
47001,47013,TN,TN,0
47001,47093,TN,TN,0
47001,47129,TN,TN,0
47001,47145,TN,TN,0
47001,47151,TN,TN,0
47001,47173,TN,TN,0
47003,47003,TN,TN,0
47003,47031,TN,TN,0
47005,47005,TN,TN,0
47005,47017,TN,TN,0
47005,47039,TN,TN,0
47005,47079,TN,TN,0
47007,47007,TN,TN,0
47007,47153,TN,TN,0
47009,47009,TN,TN,0
47009,47093,TN,TN,0
47009,47123,TN,TN,0
47013,47013,TN,TN,0
47013,47151,TN,TN,0
47013,47173,TN,TN,0
47015,47015,TN,TN,0
47015,47031,TN,TN,0
47015,47177,TN,TN,0
47015,47189,TN,TN,0
47017,47017,TN,TN,0
47017,47039,TN,TN,0
47017,47079,TN,TN,0
47017,47113,TN,TN,0
47017,47183,TN,TN,0
47021,47021,TN,TN,0
47021,47187,TN,TN,0
47027,47027,TN,TN,0
47027,47137,TN,TN,0
47029,47029,TN,TN,0
47029,47059,TN,TN,0
47031,47031,TN,TN,0
47031,47177,TN,TN,0
47033,47033,TN,TN,0
47033,47075,TN,TN,0
47033,47113,TN,TN,0
47039,47039,TN,TN,0
47047,47047,TN,TN,0
47047,47075,TN,TN,0
47047,47157,TN,TN,0
47047,47167,TN,TN,0
47049,47049,TN,TN,0
47049,47129,TN,TN,0
47049,47137,TN,TN,0
47049,47141,TN,TN,0
47049,47151,TN,TN,0
47057,47057,TN,TN,0
47057,47067,TN,TN,0
47057,47093,TN,TN,0
47057,47173,TN,TN,0
47059,47059,TN,TN,0
47059,47171,TN,TN,0
47067,47067,TN,TN,0
47067,51105,TN,VA,1
47075,47075,TN,TN,0
47075,47113,TN,TN,0
47075,47167,TN,TN,0
47079,47079,TN,TN,0
47079,47183,TN,TN,0
47081,47081,TN,TN,0
47081,47119,TN,TN,0
47081,47187,TN,TN,0
47091,47091,TN,TN,0
47091,47163,TN,TN,0
47091,51191,TN,VA,1
47093,47093,TN,TN,0
47093,47145,TN,TN,0
47093,47173,TN,TN,0
47099,47099,TN,TN,0
47099,47119,TN,TN,0
47109,47109,TN,TN,0
47113,47113,TN,TN,0
47115,47115,TN,TN,0
47115,47153,TN,TN,0
47119,47119,TN,TN,0
47119,47187,TN,TN,0
47121,47121,TN,TN,0
47121,47145,TN,TN,0
47123,47123,TN,TN,0
47123,47139,TN,TN,0
47129,47129,TN,TN,0
47129,47145,TN,TN,0
47129,47151,TN,TN,0
47137,47137,TN,TN,0
47137,47151,TN,TN,0
47139,47139,TN,TN,0
47141,47141,TN,TN,0
47141,47185,TN,TN,0
47145,47145,TN,TN,0
47151,47151,TN,TN,0
47153,47153,TN,TN,0
47153,47177,TN,TN,0
47157,47157,TN,TN,0
47157,47167,TN,TN,0
47163,47163,TN,TN,0
47163,51191,TN,VA,1
47167,47167,TN,TN,0
47171,47171,TN,TN,0
47173,47173,TN,TN,0
47177,47177,TN,TN,0
47177,47185,TN,TN,0
47183,47183,TN,TN,0
47185,47185,TN,TN,0
47187,47187,TN,TN,0
47189,47189,TN,TN,0
48001,48001,TX,TX,0
48001,48073,TX,TX,0
48001,48161,TX,TX,0
48001,48213,TX,TX,0
48001,48225,TX,TX,0
48001,48289,TX,TX,0
48011,48011,TX,TX,0
48011,48065,TX,TX,0
48011,48179,TX,TX,0
48011,48375,TX,TX,0
48011,48437,TX,TX,0
48013,48013,TX,TX,0
48013,48029,TX,TX,0
48013,48255,TX,TX,0
48013,48311,TX,TX,0
48015,48015,TX,TX,0
48015,48089,TX,TX,0
48015,48149,TX,TX,0
48017,48017,TX,TX,0
48017,48079,TX,TX,0
48017,48279,TX,TX,0
48017,48369,TX,TX,0
48019,48019,TX,TX,0
48019,48029,TX,TX,0
48019,48259,TX,TX,0
48019,48385,TX,TX,0
48019,48463,TX,TX,0
48027,48027,TX,TX,0
48027,48099,TX,TX,0
48027,48331,TX,TX,0
48029,48029,TX,TX,0
48029,48091,TX,TX,0
48029,48187,TX,TX,0
48029,48259,TX,TX,0
48033,48033,TX,TX,0
48033,48227,TX,TX,0
48033,48305,TX,TX,0
48035,48035,TX,TX,0
48035,48099,TX,TX,0
48035,48143,TX,TX,0
48035,48217,TX,TX,0
48035,48425,TX,TX,0
48037,48037,TX,TX,0
48037,48343,TX,TX,0
48037,48387,TX,TX,0
48049,48049,TX,TX,0
48049,48059,TX,TX,0
48049,48411,TX,TX,0
48051,48051,TX,TX,0
48051,48287,TX,TX,0
48051,48331,TX,TX,0
48055,48055,TX,TX,0
48055,48149,TX,TX,0
48055,48187,TX,TX,0
48055,48453,TX,TX,0
48059,48059,TX,TX,0
48059,48253,TX,TX,0
48065,48065,TX,TX,0
48065,48179,TX,TX,0
48065,48233,TX,TX,0
48065,48375,TX,TX,0
48069,48069,TX,TX,0
48069,48279,TX,TX,0
48069,48369,TX,TX,0
48069,48437,TX,TX,0
48071,48071,TX,TX,0
48071,48167,TX,TX,0
48073,48073,TX,TX,0
48073,48213,TX,TX,0
48073,48225,TX,TX,0
48073,48347,TX,TX,0
48073,48401,TX,TX,0
48077,48077,TX,TX,0
48077,48237,TX,TX,0
48077,48337,TX,TX,0
48079,48079,TX,TX,0
48079,48279,TX,TX,0
48085,48085,TX,TX,0
48085,48121,TX,TX,0
48085,48181,TX,TX,0
48087,48087,TX,TX,0
48087,48179,TX,TX,0
48087,48483,TX,TX,0
48089,48089,TX,TX,0
48089,48149,TX,TX,0
48089,48239,TX,TX,0
48091,48091,TX,TX,0
48091,48187,TX,TX,0
48091,48259,TX,TX,0
48099,48099,TX,TX,0
48103,48103,TX,TX,0
48103,48105,TX,TX,0
48103,48371,TX,TX,0
48103,48475,TX,TX,0
48105,48105,TX,TX,0
48105,48235,TX,TX,0
48105,48371,TX,TX,0
48105,48383,TX,TX,0
48105,48413,TX,TX,0
48105,48443,TX,TX,0
48107,48107,TX,TX,0
48107,48125,TX,TX,0
48107,48303,TX,TX,0
48107,48305,TX,TX,0
48107,48345,TX,TX,0
48119,48119,TX,TX,0
48119,48159,TX,TX,0
48119,48277,TX,TX,0
48119,48387,TX,TX,0
48121,48121,TX,TX,0
48121,48181,TX,TX,0
48121,48439,TX,TX,0
48123,48123,TX,TX,0
48123,48175,TX,TX,0
48123,48255,TX,TX,0
48123,48469,TX,TX,0
48125,48125,TX,TX,0
48125,48269,TX,TX,0
48125,48345,TX,TX,0
48125,48433,TX,TX,0
48127,48127,TX,TX,0
48131,48131,TX,TX,0
48131,48311,TX,TX,0
48143,48143,TX,TX,0
48143,48221,TX,TX,0
48143,48425,TX,TX,0
48149,48149,TX,TX,0
48149,48287,TX,TX,0
48151,48151,TX,TX,0
48151,48253,TX,TX,0
48151,48353,TX,TX,0
48151,48433,TX,TX,0
48159,48159,TX,TX,0
48159,48387,TX,TX,0
48159,48499,TX,TX,0
48161,48161,TX,TX,0
48161,48213,TX,TX,0
48161,48289,TX,TX,0
48161,48349,TX,TX,0
48165,48165,TX,TX,0
48167,48167,TX,TX,0
48173,48173,TX,TX,0
48173,48227,TX,TX,0
48173,48329,TX,TX,0
48173,48383,TX,TX,0
48175,48175,TX,TX,0
48175,48255,TX,TX,0
48175,48469,TX,TX,0
48179,48179,TX,TX,0
48179,48483,TX,TX,0
48181,48181,TX,TX,0
48183,48183,TX,TX,0
48183,48401,TX,TX,0
48187,48187,TX,TX,0
48195,48195,TX,TX,0
48195,48233,TX,TX,0
48205,48205,TX,TX,0
48205,48359,TX,TX,0
48207,48207,TX,TX,0
48207,48253,TX,TX,0
48207,48269,TX,TX,0
48207,48275,TX,TX,0
48207,48433,TX,TX,0
48213,48213,TX,TX,0
48213,48257,TX,TX,0
48213,48349,TX,TX,0
48215,48215,TX,TX,0
48215,48427,TX,TX,0
48217,48217,TX,TX,0
48217,48349,TX,TX,0
48221,48221,TX,TX,0
48221,48425,TX,TX,0
48225,48225,TX,TX,0
48225,48289,TX,TX,0
48227,48227,TX,TX,0
48233,48233,TX,TX,0
48235,48235,TX,TX,0
48235,48383,TX,TX,0
48235,48413,TX,TX,0
48235,48451,TX,TX,0
48237,48237,TX,TX,0
48237,48337,TX,TX,0
48239,48239,TX,TX,0
48239,48321,TX,TX,0
48239,48469,TX,TX,0
48243,48243,TX,TX,0
48243,48371,TX,TX,0
48243,48377,TX,TX,0
48243,48389,TX,TX,0
48253,48253,TX,TX,0
48253,48353,TX,TX,0
48253,48433,TX,TX,0
48255,48255,TX,TX,0
48257,48257,TX,TX,0
48259,48259,TX,TX,0
48269,48269,TX,TX,0
48269,48275,TX,TX,0
48269,48345,TX,TX,0
48269,48433,TX,TX,0
48273,48273,TX,TX,0
48273,48355,TX,TX,0
48275,48275,TX,TX,0
48275,48433,TX,TX,0
48277,48277,TX,TX,0
48277,48387,TX,TX,0
48279,48279,TX,TX,0
48279,48303,TX,TX,0
48279,48369,TX,TX,0
48287,48287,TX,TX,0
48287,48331,TX,TX,0
48289,48289,TX,TX,0
48295,48295,TX,TX,0
48299,48299,TX,TX,0
48299,48319,TX,TX,0
48299,48411,TX,TX,0
48301,48301,TX,TX,0
48301,48389,TX,TX,0
48301,48475,TX,TX,0
48303,48303,TX,TX,0
48303,48305,TX,TX,0
48305,48305,TX,TX,0
48311,48311,TX,TX,0
48315,48315,TX,TX,0
48315,48343,TX,TX,0
48319,48319,TX,TX,0
48319,48327,TX,TX,0
48319,48411,TX,TX,0
48321,48321,TX,TX,0
48327,48327,TX,TX,0
48327,48413,TX,TX,0
48327,48451,TX,TX,0
48329,48329,TX,TX,0
48329,48383,TX,TX,0
48331,48331,TX,TX,0
48337,48337,TX,TX,0
48339,48339,TX,TX,0
48343,48343,TX,TX,0
48343,48387,TX,TX,0
48345,48345,TX,TX,0
48347,48347,TX,TX,0
48347,48401,TX,TX,0
48349,48349,TX,TX,0
48351,48351,TX,TX,0
48353,48353,TX,TX,0
48353,48399,TX,TX,0
48355,48355,TX,TX,0
48359,48359,TX,TX,0
48359,48375,TX,TX,0
48365,48365,TX,TX,0
48365,48401,TX,TX,0
48369,48369,TX,TX,0
48371,48371,TX,TX,0
48371,48389,TX,TX,0
48371,48443,TX,TX,0
48371,48475,TX,TX,0
48375,48375,TX,TX,0
48377,48377,TX,TX,0
48379,48379,TX,TX,0
48379,48499,TX,TX,0
48383,48383,TX,TX,0
48383,48451,TX,TX,0
48385,48385,TX,TX,0
48385,48463,TX,TX,0
48387,48387,TX,TX,0
48389,48389,TX,TX,0
48389,48475,TX,TX,0
48399,48399,TX,TX,0
48399,48451,TX,TX,0
48401,48401,TX,TX,0
48411,48411,TX,TX,0
48413,48413,TX,TX,0
48413,48451,TX,TX,0
48425,48425,TX,TX,0
48427,48427,TX,TX,0
48429,48429,TX,TX,0
48433,48433,TX,TX,0
48437,48437,TX,TX,0
48439,48439,TX,TX,0
48443,48443,TX,TX,0
48451,48451,TX,TX,0
48453,48453,TX,TX,0
48457,48457,TX,TX,0
48463,48463,TX,TX,0
48469,48469,TX,TX,0
48475,48475,TX,TX,0
48483,48483,TX,TX,0
48487,48487,TX,TX,0
48499,48499,TX,TX,0
49001,49001,UT,UT,0
49001,49021,UT,UT,0
49001,49027,UT,UT,0
49001,49031,UT,UT,0
49003,49003,UT,UT,0
49009,49009,UT,UT,0
49009,49013,UT,UT,0
49009,49047,UT,UT,0
49009,56037,UT,WY,1
49013,49013,UT,UT,0
49013,49047,UT,UT,0
49015,49015,UT,UT,0
49015,49047,UT,UT,0
49015,49055,UT,UT,0
49021,49021,UT,UT,0
49021,49025,UT,UT,0
49021,49053,UT,UT,0
49023,49023,UT,UT,0
49023,49027,UT,UT,0
49025,49025,UT,UT,0
49025,49053,UT,UT,0
49027,49027,UT,UT,0
49031,49031,UT,UT,0
49031,49055,UT,UT,0
49033,49033,UT,UT,0
49033,56041,UT,WY,1
49047,49047,UT,UT,0
49053,49053,UT,UT,0
49055,49055,UT,UT,0
50001,50001,VT,VT,0
50001,50007,VT,VT,0
50001,50021,VT,VT,0
50001,50023,VT,VT,0
50001,50027,VT,VT,0
50003,50003,VT,VT,0
50003,50021,VT,VT,0
50003,50027,VT,VT,0
50007,50007,VT,VT,0
50007,50011,VT,VT,0
50007,50013,VT,VT,0
50007,50023,VT,VT,0
50011,50011,VT,VT,0
50011,50013,VT,VT,0
50011,50019,VT,VT,0
50013,50013,VT,VT,0
50019,50019,VT,VT,0
50021,50021,VT,VT,0
50021,50027,VT,VT,0
50023,50023,VT,VT,0
50027,50027,VT,VT,0
51005,51005,VA,VA,0
51005,51045,VA,VA,0
51005,51163,VA,VA,0
51007,51007,VA,VA,0
51007,51041,VA,VA,0
51007,51049,VA,VA,0
51007,51147,VA,VA,0
51009,51009,VA,VA,0
51009,51019,VA,VA,0
51009,51125,VA,VA,0
51009,51163,VA,VA,0
51013,51013,VA,VA,0
51013,51510,VA,VA,0
51019,51019,VA,VA,0
51019,51067,VA,VA,0
51019,51163,VA,VA,0
51027,51027,VA,VA,0
51027,51167,VA,VA,0
51035,51035,VA,VA,0
51035,51063,VA,VA,0
51035,51640,VA,VA,0
51037,51037,VA,VA,0
51037,51083,VA,VA,0
51037,51111,VA,VA,0
51037,51147,VA,VA,0
51041,51041,VA,VA,0
51041,51075,VA,VA,0
51041,51149,VA,VA,0
51041,51570,VA,VA,0
51041,51730,VA,VA,0
51045,51045,VA,VA,0
51049,51049,VA,VA,0
51049,51065,VA,VA,0
51049,51075,VA,VA,0
51049,51147,VA,VA,0
51063,51063,VA,VA,0
51063,51067,VA,VA,0
51065,51065,VA,VA,0
51065,51075,VA,VA,0
51067,51067,VA,VA,0
51069,51069,VA,VA,0
51069,51171,VA,VA,0
51069,51840,VA,VA,0
51069,54031,VA,WV,1
51069,54065,VA,WV,1
51075,51075,VA,VA,0
51083,51083,VA,VA,0
51091,51091,VA,VA,0
51091,54071,VA,WV,1
51091,54075,VA,WV,1
51095,51095,VA,VA,0
51095,51181,VA,VA,0
51099,51099,VA,VA,0
51099,51193,VA,VA,0
51105,51105,VA,VA,0
51105,51195,VA,VA,0
51107,51107,VA,VA,0
51111,51111,VA,VA,0
51111,51147,VA,VA,0
51115,51115,VA,VA,0
51115,51131,VA,VA,0
51125,51125,VA,VA,0
51125,51163,VA,VA,0
51131,51131,VA,VA,0
51131,51735,VA,VA,0
51137,51137,VA,VA,0
51147,51147,VA,VA,0
51149,51149,VA,VA,0
51149,51181,VA,VA,0
51149,51183,VA,VA,0
51149,51730,VA,VA,0
51163,51163,VA,VA,0
51163,51530,VA,VA,0
51167,51167,VA,VA,0
51167,51191,VA,VA,0
51167,51195,VA,VA,0
51171,51171,VA,VA,0
51171,54031,VA,WV,1
51181,51181,VA,VA,0
51181,51183,VA,VA,0
51183,51183,VA,VA,0
51191,51191,VA,VA,0
51193,51193,VA,VA,0
51195,51195,VA,VA,0
51195,51720,VA,VA,0
51510,51510,VA,VA,0
51530,51530,VA,VA,0
51550,51550,VA,VA,0
51570,51570,VA,VA,0
51570,51730,VA,VA,0
51590,51590,VA,VA,0
51595,51595,VA,VA,0
51620,51620,VA,VA,0
51630,51630,VA,VA,0
51640,51640,VA,VA,0
51720,51720,VA,VA,0
51730,51730,VA,VA,0
51735,51735,VA,VA,0
51770,51770,VA,VA,0
51790,51790,VA,VA,0
51820,51820,VA,VA,0
51840,51840,VA,VA,0
53007,53007,WA,WA,0
53007,53017,WA,WA,0
53007,53033,WA,WA,0
53007,53037,WA,WA,0
53011,53011,WA,WA,0
53011,53059,WA,WA,0
53017,53017,WA,WA,0
53017,53037,WA,WA,0
53019,53019,WA,WA,0
53021,53021,WA,WA,0
53021,53071,WA,WA,0
53023,53023,WA,WA,0
53027,53027,WA,WA,0
53027,53031,WA,WA,0
53027,53049,WA,WA,0
53029,53029,WA,WA,0
53029,53031,WA,WA,0
53031,53031,WA,WA,0
53033,53033,WA,WA,0
53033,53037,WA,WA,0
53037,53037,WA,WA,0
53039,53039,WA,WA,0
53039,53059,WA,WA,0
53049,53049,WA,WA,0
53049,53069,WA,WA,0
53051,53051,WA,WA,0
53059,53059,WA,WA,0
53069,53069,WA,WA,0
53071,53071,WA,WA,0
53073,53073,WA,WA,0
54007,54007,WV,WV,0
54007,54101,WV,WV,0
54009,54009,WV,WV,0
54017,54017,WV,WV,0
54017,54033,WV,WV,0
54017,54085,WV,WV,0
54017,54095,WV,WV,0
54017,54103,WV,WV,0
54031,54031,WV,WV,0
54031,54071,WV,WV,0
54033,54033,WV,WV,0
54033,54049,WV,WV,0
54033,54091,WV,WV,0
54033,54097,WV,WV,0
54033,54103,WV,WV,0
54043,54043,WV,WV,0
54043,54045,WV,WV,0
54043,54079,WV,WV,0
54045,54045,WV,WV,0
54045,54109,WV,WV,0
54049,54049,WV,WV,0
54049,54091,WV,WV,0
54049,54103,WV,WV,0
54053,54053,WV,WV,0
54053,54079,WV,WV,0
54065,54065,WV,WV,0
54071,54071,WV,WV,0
54071,54075,WV,WV,0
54075,54075,WV,WV,0
54075,54101,WV,WV,0
54077,54077,WV,WV,0
54077,54091,WV,WV,0
54079,54079,WV,WV,0
54085,54085,WV,WV,0
54085,54095,WV,WV,0
54087,54087,WV,WV,0
54091,54091,WV,WV,0
54095,54095,WV,WV,0
54095,54103,WV,WV,0
54097,54097,WV,WV,0
54097,54101,WV,WV,0
54101,54101,WV,WV,0
54103,54103,WV,WV,0
54109,54109,WV,WV,0
55003,55003,WI,WI,0
55003,55007,WI,WI,0
55003,55051,WI,WI,0
55005,55005,WI,WI,0
55005,55017,WI,WI,0
55005,55107,WI,WI,0
55005,55129,WI,WI,0
55007,55007,WI,WI,0
55007,55031,WI,WI,0
55007,55129,WI,WI,0
55009,55009,WI,WI,0
55009,55015,WI,WI,0
55009,55029,WI,WI,0
55009,55061,WI,WI,0
55009,55071,WI,WI,0
55009,55083,WI,WI,0
55009,55087,WI,WI,0
55009,55115,WI,WI,0
55011,55011,WI,WI,0
55011,55091,WI,WI,0
55015,55015,WI,WI,0
55015,55071,WI,WI,0
55015,55087,WI,WI,0
55015,55139,WI,WI,0
55017,55017,WI,WI,0
55017,55019,WI,WI,0
55017,55107,WI,WI,0
55019,55019,WI,WI,0
55019,55073,WI,WI,0
55021,55021,WI,WI,0
55021,55047,WI,WI,0
55021,55057,WI,WI,0
55021,55111,WI,WI,0
55029,55029,WI,WI,0
55029,55061,WI,WI,0
55029,55083,WI,WI,0
55031,55031,WI,WI,0
55031,55129,WI,WI,0
55037,55037,WI,WI,0
55037,55041,WI,WI,0
55041,55041,WI,WI,0
55041,55067,WI,WI,0
55041,55083,WI,WI,0
55041,55085,WI,WI,0
55043,55043,WI,WI,0
55043,55049,WI,WI,0
55043,55065,WI,WI,0
55043,55103,WI,WI,0
55045,55045,WI,WI,0
55045,55049,WI,WI,0
55045,55065,WI,WI,0
55047,55047,WI,WI,0
55047,55139,WI,WI,0
55049,55049,WI,WI,0
55049,55065,WI,WI,0
55049,55103,WI,WI,0
55049,55111,WI,WI,0
55051,55051,WI,WI,0
55057,55057,WI,WI,0
55057,55081,WI,WI,0
55057,55111,WI,WI,0
55061,55061,WI,WI,0
55061,55071,WI,WI,0
55065,55065,WI,WI,0
55067,55067,WI,WI,0
55067,55073,WI,WI,0
55067,55078,WI,WI,0
55067,55083,WI,WI,0
55067,55085,WI,WI,0
55067,55115,WI,WI,0
55071,55071,WI,WI,0
55073,55073,WI,WI,0
55073,55097,WI,WI,0
55073,55115,WI,WI,0
55078,55078,WI,WI,0
55078,55083,WI,WI,0
55078,55115,WI,WI,0
55081,55081,WI,WI,0
55083,55083,WI,WI,0
55083,55115,WI,WI,0
55085,55085,WI,WI,0
55087,55087,WI,WI,0
55087,55115,WI,WI,0
55087,55139,WI,WI,0
55089,55089,WI,WI,0
55089,55133,WI,WI,0
55091,55091,WI,WI,0
55097,55097,WI,WI,0
55097,55115,WI,WI,0
55103,55103,WI,WI,0
55103,55111,WI,WI,0
55107,55107,WI,WI,0
55107,55129,WI,WI,0
55111,55111,WI,WI,0
55115,55115,WI,WI,0
55127,55127,WI,WI,0
55127,55133,WI,WI,0
55129,55129,WI,WI,0
55133,55133,WI,WI,0
55139,55139,WI,WI,0
56001,56001,WY,WY,0
56001,56009,WY,WY,0
56001,56021,WY,WY,0
56001,56031,WY,WY,0
56003,56003,WY,WY,0
56003,56029,WY,WY,0
56003,56043,WY,WY,0
56009,56009,WY,WY,0
56009,56025,WY,WY,0
56009,56031,WY,WY,0
56009,56045,WY,WY,0
56011,56011,WY,WY,0
56011,56045,WY,WY,0
56017,56017,WY,WY,0
56017,56029,WY,WY,0
56017,56043,WY,WY,0
56021,56021,WY,WY,0
56021,56031,WY,WY,0
56025,56025,WY,WY,0
56025,56043,WY,WY,0
56029,56029,WY,WY,0
56029,56043,WY,WY,0
56031,56031,WY,WY,0
56037,56037,WY,WY,0
56037,56041,WY,WY,0
56041,56041,WY,WY,0
56043,56043,WY,WY,0
56045,56045,WY,WY,0
